Snail,Exposure,Competitor_Size,Week,Length_F,Cercs,F_last_alive,Alive,Length_C,Replaced,C_Eggs,C_Cercs,Time1,Time2,Event,Type
2,Y,0,0,3.6,0,0,1,,0,0,0,15,16,0,interval
2,Y,0,1,6.2,0,0,1,,0,0,0,15,16,0,interval
2,Y,0,2,10.2,0,0,1,,0,0,0,15,16,0,interval
2,Y,0,3,11.7,0,0,1,,0,0,0,15,16,0,interval
2,Y,0,4,12.4,180,0,1,,0,0,180,15,16,0,interval
2,Y,0,5,12.5,1499,0,1,,0,0,1679,15,16,0,interval
2,Y,0,6,13.1,2099,0,1,,0,0,3778,15,16,0,interval
2,Y,0,7,13.5,3591,0,1,,0,0,7369,15,16,0,interval
2,Y,0,8,13.8,1860,0,1,,0,0,9229,15,16,0,interval
2,Y,0,9,14,1620,0,1,,0,0,10849,15,16,0,interval
2,Y,0,10,14.4,1044,0,1,,0,0,11893,15,16,0,interval
2,Y,0,11,14.3,579,0,1,,0,0,12472,15,16,0,interval
2,Y,0,12,14.5,278,0,1,,0,0,12750,15,16,0,interval
2,Y,0,13,14.7,337,0,1,,0,0,13087,15,16,0,interval
2,Y,0,14,14.7,573,0,1,,0,0,13660,15,16,0,interval
2,Y,0,15,15.1,642,1,1,,0,0,14302,15,16,0,interval
3,Y,0,0,3.7,0,0,1,,0,0,0,12,13,3,interval
3,Y,0,1,7.1,0,0,1,,0,0,0,12,13,3,interval
3,Y,0,2,10.2,0,0,1,,0,0,0,12,13,3,interval
3,Y,0,3,12,0,0,1,,0,0,0,12,13,3,interval
3,Y,0,4,12.5,12,0,1,,0,0,12,12,13,3,interval
3,Y,0,5,13,319,0,1,,0,0,331,12,13,3,interval
3,Y,0,6,13.6,236,0,1,,0,0,567,12,13,3,interval
3,Y,0,7,13.9,337,0,1,,0,0,904,12,13,3,interval
3,Y,0,8,14.5,48,0,1,,0,0,952,12,13,3,interval
3,Y,0,9,15,21,0,1,,0,0,973,12,13,3,interval
3,Y,0,10,15.5,13,0,1,,0,0,986,12,13,3,interval
3,Y,0,11,15.4,13,0,1,,0,0,999,12,13,3,interval
3,Y,0,12,15.6,3,1,1,,0,0,1002,12,13,3,interval
3,Y,0,13,15.6,,,0,,,0,,12,13,3,interval
3,Y,0,14,,,,0,,,,,12,13,3,interval
3,Y,0,15,,,,0,,,,,12,13,3,interval
6,Y,0,0,4.3,0,0,1,,0,0,0,15,16,0,interval
6,Y,0,1,7.7,0,0,1,,0,0,0,15,16,0,interval
6,Y,0,2,11.2,0,0,1,,0,0,0,15,16,0,interval
6,Y,0,3,13,0,0,1,,0,0,0,15,16,0,interval
6,Y,0,4,14.5,0,0,1,,0,0,0,15,16,0,interval
6,Y,0,5,15,226,0,1,,0,0,226,15,16,0,interval
6,Y,0,6,15.3,680,0,1,,0,0,906,15,16,0,interval
6,Y,0,7,15.4,1398,0,1,,0,0,2304,15,16,0,interval
6,Y,0,8,15.8,677,0,1,,0,0,2981,15,16,0,interval
6,Y,0,9,16,1336,0,1,,0,0,4317,15,16,0,interval
6,Y,0,10,16.4,1041,0,1,,0,0,5358,15,16,0,interval
6,Y,0,11,16.2,809,0,1,,0,0,6167,15,16,0,interval
6,Y,0,12,16.5,493,0,1,,0,0,6660,15,16,0,interval
6,Y,0,13,16.5,344,0,1,,0,0,7004,15,16,0,interval
6,Y,0,14,16.6,600,0,1,,0,0,7604,15,16,0,interval
6,Y,0,15,16.9,645,1,1,,0,0,8249,15,16,0,interval
8,Y,0,0,4.1,0,0,1,,0,0,0,15,16,0,interval
8,Y,0,1,7.4,0,0,1,,0,0,0,15,16,0,interval
8,Y,0,2,10.2,0,0,1,,0,0,0,15,16,0,interval
8,Y,0,3,11.7,0,0,1,,0,0,0,15,16,0,interval
8,Y,0,4,12.5,149,0,1,,0,0,149,15,16,0,interval
8,Y,0,5,12.6,1117,0,1,,0,0,1266,15,16,0,interval
8,Y,0,6,12.9,930,0,1,,0,0,2196,15,16,0,interval
8,Y,0,7,13.3,645,0,1,,0,0,2841,15,16,0,interval
8,Y,0,8,13.4,409,0,1,,0,0,3250,15,16,0,interval
8,Y,0,9,13.7,368,0,1,,0,0,3618,15,16,0,interval
8,Y,0,10,14.2,753,0,1,,0,0,4371,15,16,0,interval
8,Y,0,11,14.2,1239,0,1,,0,0,5610,15,16,0,interval
8,Y,0,12,14.5,354,0,1,,0,0,5964,15,16,0,interval
8,Y,0,13,14.7,715,0,1,,0,0,6679,15,16,0,interval
8,Y,0,14,15,1947,0,1,,0,0,8626,15,16,0,interval
8,Y,0,15,15.2,930,1,1,,0,0,9556,15,16,0,interval
9,Y,0,0,3.8,0,0,1,,0,0,0,10,11,3,interval
9,Y,0,1,6.3,0,0,1,,0,0,0,10,11,3,interval
9,Y,0,2,9.8,0,0,1,,0,0,0,10,11,3,interval
9,Y,0,3,11.3,0,0,1,,0,0,0,10,11,3,interval
9,Y,0,4,11.9,94,0,1,,0,0,94,10,11,3,interval
9,Y,0,5,12,1103,0,1,,0,0,1197,10,11,3,interval
9,Y,0,6,12.1,305,0,1,,0,0,1502,10,11,3,interval
9,Y,0,7,12.4,1058,0,1,,0,0,2560,10,11,3,interval
9,Y,0,8,12.5,1516,0,1,,0,0,4076,10,11,3,interval
9,Y,0,9,12.5,323,0,1,,0,0,4399,10,11,3,interval
9,Y,0,10,12.9,781,1,1,,0,0,5180,10,11,3,interval
9,Y,0,11,12.9,,,0,,,0,,10,11,3,interval
9,Y,0,12,,,,0,,,,,10,11,3,interval
9,Y,0,13,,,,0,,,,,10,11,3,interval
9,Y,0,14,,,,0,,,,,10,11,3,interval
9,Y,0,15,,,,0,,,,,10,11,3,interval
10,Y,0,0,3.9,0,0,1,,0,0,0,12,13,3,interval
10,Y,0,1,7.2,0,0,1,,0,0,0,12,13,3,interval
10,Y,0,2,10.1,0,0,1,,0,0,0,12,13,3,interval
10,Y,0,3,11.3,0,0,1,,0,0,0,12,13,3,interval
10,Y,0,4,12.2,45,0,1,,0,0,45,12,13,3,interval
10,Y,0,5,12.5,1423,0,1,,0,30,1468,12,13,3,interval
10,Y,0,6,12.8,618,0,1,,0,30,2086,12,13,3,interval
10,Y,0,7,12.8,3026,0,1,,0,30,5112,12,13,3,interval
10,Y,0,8,13,1038,0,1,,0,30,6150,12,13,3,interval
10,Y,0,9,13,2276,0,1,,0,30,8426,12,13,3,interval
10,Y,0,10,13.3,3314,0,1,,0,30,11740,12,13,3,interval
10,Y,0,11,12.9,201,0,1,,0,30,11941,12,13,3,interval
10,Y,0,12,13.4,371,1,1,,0,30,12312,12,13,3,interval
10,Y,0,13,13.4,,,0,,,30,,12,13,3,interval
10,Y,0,14,,,,0,,,,,12,13,3,interval
10,Y,0,15,,,,0,,,,,12,13,3,interval
11,Y,0,0,4.5,0,0,1,,0,0,0,15,16,0,interval
11,Y,0,1,7.7,0,0,1,,0,0,0,15,16,0,interval
11,Y,0,2,10.4,0,0,1,,0,0,0,15,16,0,interval
11,Y,0,3,11.8,0,0,1,,0,0,0,15,16,0,interval
11,Y,0,4,12.5,139,0,1,,0,0,139,15,16,0,interval
11,Y,0,5,12.5,663,0,1,,0,0,802,15,16,0,interval
11,Y,0,6,12.9,552,0,1,,0,0,1354,15,16,0,interval
11,Y,0,7,13.3,1013,0,1,,0,0,2367,15,16,0,interval
11,Y,0,8,13.5,600,0,1,,0,0,2967,15,16,0,interval
11,Y,0,9,13.5,451,0,1,,0,0,3418,15,16,0,interval
11,Y,0,10,13.7,552,0,1,,0,0,3970,15,16,0,interval
11,Y,0,11,13.7,926,0,1,,0,0,4896,15,16,0,interval
11,Y,0,12,14.3,413,0,1,,0,0,5309,15,16,0,interval
11,Y,0,13,14.4,347,0,1,,0,0,5656,15,16,0,interval
11,Y,0,14,14.4,385,0,1,,0,0,6041,15,16,0,interval
11,Y,0,15,14.6,833,1,1,,0,0,6874,15,16,0,interval
12,Y,0,0,4.2,0,0,1,,0,0,0,6,7,3,interval
12,Y,0,1,7.1,0,0,1,,0,0,0,6,7,3,interval
12,Y,0,2,10.1,0,0,1,,0,0,0,6,7,3,interval
12,Y,0,3,12.3,0,0,1,,0,0,0,6,7,3,interval
12,Y,0,4,12.9,29,0,1,,0,0,29,6,7,3,interval
12,Y,0,5,12.9,378,0,1,,0,0,407,6,7,3,interval
12,Y,0,6,12.9,465,1,1,,0,0,872,6,7,3,interval
12,Y,0,7,,,,0,,,,,6,7,3,interval
12,Y,0,8,,,,0,,,,,6,7,3,interval
12,Y,0,9,,,,0,,,,,6,7,3,interval
12,Y,0,10,,,,0,,,,,6,7,3,interval
12,Y,0,11,,,,0,,,,,6,7,3,interval
12,Y,0,12,,,,0,,,,,6,7,3,interval
12,Y,0,13,,,,0,,,,,6,7,3,interval
12,Y,0,14,,,,0,,,,,6,7,3,interval
12,Y,0,15,,,,0,,,,,6,7,3,interval
13,Y,0,0,4.3,0,0,1,,0,0,0,15,16,0,interval
13,Y,0,1,7,0,0,1,,0,0,0,15,16,0,interval
13,Y,0,2,10.5,0,0,1,,0,0,0,15,16,0,interval
13,Y,0,3,12.2,0,0,1,,0,0,0,15,16,0,interval
13,Y,0,4,12.7,20,0,1,,0,0,20,15,16,0,interval
13,Y,0,5,12.7,819,0,1,,0,0,839,15,16,0,interval
13,Y,0,6,13.2,337,0,1,,0,0,1176,15,16,0,interval
13,Y,0,7,13.8,1194,0,1,,0,0,2370,15,16,0,interval
13,Y,0,8,14.1,444,0,1,,0,0,2814,15,16,0,interval
13,Y,0,9,14,291,0,1,,0,0,3105,15,16,0,interval
13,Y,0,10,14.2,569,0,1,,0,0,3674,15,16,0,interval
13,Y,0,11,14.4,1201,0,1,,0,0,4875,15,16,0,interval
13,Y,0,12,14.9,826,0,1,,0,0,5701,15,16,0,interval
13,Y,0,13,15.1,437,0,1,,0,0,6138,15,16,0,interval
13,Y,0,14,15.3,815,0,1,,0,0,6953,15,16,0,interval
13,Y,0,15,15.5,142,1,1,,0,0,7095,15,16,0,interval
14,Y,0,0,4.4,0,0,1,,0,0,0,15,16,0,interval
14,Y,0,1,8.1,0,0,1,,0,0,0,15,16,0,interval
14,Y,0,2,10,0,0,1,,0,0,0,15,16,0,interval
14,Y,0,3,12.3,0,0,1,,0,0,0,15,16,0,interval
14,Y,0,4,13,7,0,1,,0,0,7,15,16,0,interval
14,Y,0,5,13.1,413,0,1,,0,0,420,15,16,0,interval
14,Y,0,6,13.9,215,0,1,,0,0,635,15,16,0,interval
14,Y,0,7,14.3,1048,0,1,,0,0,1683,15,16,0,interval
14,Y,0,8,14.4,795,0,1,,0,0,2478,15,16,0,interval
14,Y,0,9,14.3,437,0,1,,0,0,2915,15,16,0,interval
14,Y,0,10,14.8,781,0,1,,0,0,3696,15,16,0,interval
14,Y,0,11,14.6,583,0,1,,0,0,4279,15,16,0,interval
14,Y,0,12,14.9,194,0,1,,0,0,4473,15,16,0,interval
14,Y,0,13,15,236,0,1,,0,0,4709,15,16,0,interval
14,Y,0,14,15.2,510,0,1,,0,0,5219,15,16,0,interval
14,Y,0,15,15.2,729,1,1,,0,0,5948,15,16,0,interval
15,Y,0,0,4.2,0,0,1,,0,0,0,15,16,0,interval
15,Y,0,1,7.1,0,0,1,,0,0,0,15,16,0,interval
15,Y,0,2,10.2,0,0,1,,0,0,0,15,16,0,interval
15,Y,0,3,11.3,0,0,1,,0,0,0,15,16,0,interval
15,Y,0,4,11.7,330,0,1,,0,0,330,15,16,0,interval
15,Y,0,5,12.1,715,0,1,,0,3,1045,15,16,0,interval
15,Y,0,6,12.2,1260,0,1,,0,3,2305,15,16,0,interval
15,Y,0,7,12.5,1582,0,1,,0,3,3887,15,16,0,interval
15,Y,0,8,12.8,1176,0,1,,0,3,5063,15,16,0,interval
15,Y,0,9,12.8,746,0,1,,0,3,5809,15,16,0,interval
15,Y,0,10,13.2,1426,0,1,,0,3,7235,15,16,0,interval
15,Y,0,11,13.3,1721,0,1,,0,3,8956,15,16,0,interval
15,Y,0,12,13.6,1391,0,1,,0,3,10347,15,16,0,interval
15,Y,0,13,13.7,201,0,1,,0,3,10548,15,16,0,interval
15,Y,0,14,14.3,1128,0,1,,0,3,11676,15,16,0,interval
15,Y,0,15,14.5,1253,1,1,,0,7,12929,15,16,0,interval
16,Y,0,0,4.3,0,0,1,,0,0,0,13,14,3,interval
16,Y,0,1,7.2,0,0,1,,0,0,0,13,14,3,interval
16,Y,0,2,10.7,0,0,1,,0,0,0,13,14,3,interval
16,Y,0,3,12.3,0,0,1,,0,0,0,13,14,3,interval
16,Y,0,4,13.1,34,0,1,,0,0,34,13,14,3,interval
16,Y,0,5,13.6,1076,0,1,,0,0,1110,13,14,3,interval
16,Y,0,6,14.1,1315,0,1,,0,0,2425,13,14,3,interval
16,Y,0,7,15,1176,0,1,,0,0,3601,13,14,3,interval
16,Y,0,8,15.4,1797,0,1,,0,0,5398,13,14,3,interval
16,Y,0,9,15.4,729,0,1,,0,0,6127,13,14,3,interval
16,Y,0,10,15.9,947,0,1,,0,0,7074,13,14,3,interval
16,Y,0,11,16,378,0,1,,0,0,7452,13,14,3,interval
16,Y,0,12,16.4,434,0,1,,0,0,7886,13,14,3,interval
16,Y,0,13,16,260,1,1,,0,0,8146,13,14,3,interval
16,Y,0,14,16.1,,,0,,,0,,13,14,3,interval
16,Y,0,15,,,,0,,,,,13,14,3,interval
17,Y,0,0,4.3,0,0,1,,0,0,0,15,16,0,interval
17,Y,0,1,7.4,0,0,1,,0,0,0,15,16,0,interval
17,Y,0,2,10.5,0,0,1,,0,0,0,15,16,0,interval
17,Y,0,3,12,0,0,1,,0,0,0,15,16,0,interval
17,Y,0,4,12.9,17,0,1,,0,0,17,15,16,0,interval
17,Y,0,5,13.2,222,0,1,,0,0,239,15,16,0,interval
17,Y,0,6,13.5,278,0,1,,0,0,517,15,16,0,interval
17,Y,0,7,13.6,382,0,1,,0,0,899,15,16,0,interval
17,Y,0,8,13.6,305,0,1,,0,0,1204,15,16,0,interval
17,Y,0,9,13.8,239,0,1,,0,0,1443,15,16,0,interval
17,Y,0,10,14.3,219,0,1,,0,0,1662,15,16,0,interval
17,Y,0,11,14.4,493,0,1,,0,0,2155,15,16,0,interval
17,Y,0,12,14.6,562,0,1,,0,0,2717,15,16,0,interval
17,Y,0,13,14.6,357,0,1,,0,0,3074,15,16,0,interval
17,Y,0,14,14.6,809,0,1,,0,0,3883,15,16,0,interval
17,Y,0,15,14.9,1072,1,1,,0,0,4955,15,16,0,interval
18,Y,0,0,4,0,0,1,,0,0,0,15,16,0,interval
18,Y,0,1,6,0,0,1,,0,0,0,15,16,0,interval
18,Y,0,2,9.7,0,0,1,,0,0,0,15,16,0,interval
18,Y,0,3,11.2,0,0,1,,0,0,0,15,16,0,interval
18,Y,0,4,11.8,153,0,1,,0,0,153,15,16,0,interval
18,Y,0,5,12.4,701,0,1,,0,5,854,15,16,0,interval
18,Y,0,6,12.7,1263,0,1,,0,5,2117,15,16,0,interval
18,Y,0,7,12.9,1242,0,1,,0,5,3359,15,16,0,interval
18,Y,0,8,12.7,881,0,1,,0,5,4240,15,16,0,interval
18,Y,0,9,13.2,888,0,1,,0,5,5128,15,16,0,interval
18,Y,0,10,13.4,1822,0,1,,0,5,6950,15,16,0,interval
18,Y,0,11,13.2,1995,0,1,,0,5,8945,15,16,0,interval
18,Y,0,12,13.3,1638,0,1,,0,5,10583,15,16,0,interval
18,Y,0,13,13.5,541,0,1,,0,5,11124,15,16,0,interval
18,Y,0,14,13.5,847,0,1,,0,5,11971,15,16,0,interval
18,Y,0,15,13.6,753,1,1,,0,10,12724,15,16,0,interval
19,Y,0,0,4.5,0,0,1,,0,0,0,15,16,0,interval
19,Y,0,1,8.1,0,0,1,,0,0,0,15,16,0,interval
19,Y,0,2,10.5,0,0,1,,0,0,0,15,16,0,interval
19,Y,0,3,12.1,0,0,1,,0,0,0,15,16,0,interval
19,Y,0,4,12.9,46,0,1,,0,0,46,15,16,0,interval
19,Y,0,5,13.2,881,0,1,,0,4,927,15,16,0,interval
19,Y,0,6,13.8,1055,0,1,,0,17,1982,15,16,0,interval
19,Y,0,7,13.7,1103,0,1,,0,17,3085,15,16,0,interval
19,Y,0,8,14.1,972,0,1,,0,22,4057,15,16,0,interval
19,Y,0,9,14,437,0,1,,0,22,4494,15,16,0,interval
19,Y,0,10,14.3,788,0,1,,0,22,5282,15,16,0,interval
19,Y,0,11,14.6,781,0,1,,0,22,6063,15,16,0,interval
19,Y,0,12,14.9,135,0,1,,0,22,6198,15,16,0,interval
19,Y,0,13,15.3,97,0,1,,0,22,6295,15,16,0,interval
19,Y,0,14,15.2,555,0,1,,0,22,6850,15,16,0,interval
19,Y,0,15,15.4,385,1,1,,0,22,7235,15,16,0,interval
20,Y,0,0,4.1,0,0,1,,0,0,0,15,16,0,interval
20,Y,0,1,7.2,0,0,1,,0,0,0,15,16,0,interval
20,Y,0,2,10.7,0,0,1,,0,0,0,15,16,0,interval
20,Y,0,3,12,0,0,1,,0,0,0,15,16,0,interval
20,Y,0,4,12.3,49,0,1,,0,0,49,15,16,0,interval
20,Y,0,5,12.8,205,0,1,,0,0,254,15,16,0,interval
20,Y,0,6,13,972,0,1,,0,0,1226,15,16,0,interval
20,Y,0,7,13.5,1454,0,1,,0,0,2680,15,16,0,interval
20,Y,0,8,13.4,743,0,1,,0,0,3423,15,16,0,interval
20,Y,0,9,13.6,673,0,1,,0,0,4096,15,16,0,interval
20,Y,0,10,13.9,1166,0,1,,0,0,5262,15,16,0,interval
20,Y,0,11,13.7,413,0,1,,0,0,5675,15,16,0,interval
20,Y,0,12,14.2,701,0,1,,0,0,6376,15,16,0,interval
20,Y,0,13,14.2,285,0,1,,0,0,6661,15,16,0,interval
20,Y,0,14,14.1,677,0,1,,0,0,7338,15,16,0,interval
20,Y,0,15,14.5,642,1,1,,0,0,7980,15,16,0,interval
26,Y,2,0,3.7,0,0,1,,2.2,0,0,15,16,0,interval
26,Y,2,1,7.3,0,0,1,,4.5,0,0,15,16,0,interval
26,Y,2,2,9.3,0,0,1,,6.3,0,0,15,16,0,interval
26,Y,2,3,11,0,0,1,,7.3,0,0,15,16,0,interval
26,Y,2,4,11.6,20,0,1,,8,0,20,15,16,0,interval
26,Y,2,5,11.9,291,0,1,,8.8,0,311,15,16,0,interval
26,Y,2,6,12.2,319,0,1,,9.4,0,630,15,16,0,interval
26,Y,2,7,12,1464,0,1,,10.2,0,2094,15,16,0,interval
26,Y,2,8,12.2,271,0,1,,11,0,2365,15,16,0,interval
26,Y,2,9,12.3,198,0,1,,11.3,0,2563,15,16,0,interval
26,Y,2,10,12.2,205,0,1,,11.8,0,2768,15,16,0,interval
26,Y,2,11,12.1,115,0,1,,12.2,0,2883,15,16,0,interval
26,Y,2,12,12,489,0,1,,12.7,0,3372,15,16,0,interval
26,Y,2,13,12.1,167,0,1,,13.1,0,3539,15,16,0,interval
26,Y,2,14,12.5,213,0,1,,13.5,4,3752,15,16,0,interval
26,Y,2,15,12.5,416,1,1,,14,10,4168,15,16,0,interval
27,Y,2,0,4.3,0,0,1,2.5,0,0,0,10,11,3,interval
27,Y,2,1,7.2,0,0,1,5.6,0,0,0,10,11,3,interval
27,Y,2,2,9,0,0,1,6.6,0,0,0,10,11,3,interval
27,Y,2,3,10.1,0,0,1,7.6,0,0,0,10,11,3,interval
27,Y,2,4,10.3,5,0,1,8.3,0,0,5,10,11,3,interval
27,Y,2,5,10.6,635,0,1,9.5,0,0,640,10,11,3,interval
27,Y,2,6,10.6,510,0,1,9.9,0,19,1150,10,11,3,interval
27,Y,2,7,10.8,389,0,1,10.5,0,61,1539,10,11,3,interval
27,Y,2,8,10.5,219,0,1,11.2,0,95,1758,10,11,3,interval
27,Y,2,9,10.8,222,0,1,11.5,0,143,1980,10,11,3,interval
27,Y,2,10,10.9,229,1,1,12.1,0,179,2209,10,11,3,interval
27,Y,2,11,10.9,,,0,12.6,0,205,,10,11,3,interval
27,Y,2,12,,,,0,,,,,10,11,3,interval
27,Y,2,13,,,,0,,,,,10,11,3,interval
27,Y,2,14,,,,0,,,,,10,11,3,interval
27,Y,2,15,,,,0,,,,,10,11,3,interval
28,Y,2,0,4.5,0,0,1,2.2,0,0,0,12,13,3,interval
28,Y,2,1,7.7,0,0,1,4.5,0,0,0,12,13,3,interval
28,Y,2,2,9.8,0,0,1,5.7,0,0,0,12,13,3,interval
28,Y,2,3,10.5,0,0,1,7.3,0,0,0,12,13,3,interval
28,Y,2,4,11.4,0,0,1,7.9,0,0,0,12,13,3,interval
28,Y,2,5,11.7,236,0,1,8.9,0,0,236,12,13,3,interval
28,Y,2,6,11.8,482,0,1,9.5,0,0,718,12,13,3,interval
28,Y,2,7,12.1,600,0,1,9.9,0,0,1318,12,13,3,interval
28,Y,2,8,12.2,687,0,1,10.5,0,3,2005,12,13,3,interval
28,Y,2,9,12.4,1357,0,1,10.8,0,16,3362,12,13,3,interval
28,Y,2,10,12.6,115,0,1,11.6,0,16,3477,12,13,3,interval
28,Y,2,11,12.5,243,0,1,12.1,0,22,3720,12,13,3,interval
28,Y,2,12,12.6,31,1,1,12.8,0,22,3751,12,13,3,interval
28,Y,2,13,,,,0,,,,,12,13,3,interval
28,Y,2,14,,,,0,,,,,12,13,3,interval
28,Y,2,15,,,,0,,,,,12,13,3,interval
29,Y,2,0,4.4,0,0,1,2.4,0,0,0,12,13,3,interval
29,Y,2,1,6.7,0,0,1,5,0,0,0,12,13,3,interval
29,Y,2,2,9.1,0,0,1,6.4,0,0,0,12,13,3,interval
29,Y,2,3,10,0,0,1,7.4,0,0,0,12,13,3,interval
29,Y,2,4,10.5,16,0,1,8,0,0,16,12,13,3,interval
29,Y,2,5,10.6,267,0,1,8.6,0,27,283,12,13,3,interval
29,Y,2,6,10.9,128,0,1,9.2,0,27,411,12,13,3,interval
29,Y,2,7,11.2,694,0,1,9.8,0,27,1105,12,13,3,interval
29,Y,2,8,11.3,340,0,1,10.5,0,44,1445,12,13,3,interval
29,Y,2,9,11.2,687,0,1,10.8,0,63,2132,12,13,3,interval
29,Y,2,10,11.3,621,0,1,11.2,0,85,2753,12,13,3,interval
29,Y,2,11,11.3,267,0,1,11.5,0,95,3020,12,13,3,interval
29,Y,2,12,11.3,149,1,1,11.9,0,111,3169,12,13,3,interval
29,Y,2,13,11.3,,,0,12.4,0,115,,12,13,3,interval
29,Y,2,14,,,,0,,,,,12,13,3,interval
29,Y,2,15,,,,0,,,,,12,13,3,interval
30,Y,2,0,3.6,0,0,1,2.5,0,0,0,8,9,3,interval
30,Y,2,1,6.1,0,0,1,5.7,0,0,0,8,9,3,interval
30,Y,2,2,9.2,0,0,1,7.2,0,0,0,8,9,3,interval
30,Y,2,3,10.3,0,0,1,8.2,0,0,0,8,9,3,interval
30,Y,2,4,10.3,27,0,1,8.7,0,0,27,8,9,3,interval
30,Y,2,5,10.3,246,0,1,9.7,0,0,273,8,9,3,interval
30,Y,2,6,10.3,232,0,1,10.5,0,0,505,8,9,3,interval
30,Y,2,7,10.4,132,0,1,11.4,0,0,637,8,9,3,interval
30,Y,2,8,10.2,34,1,1,12.1,0,64,671,8,9,3,interval
30,Y,2,9,,,,0,,,,,8,9,3,interval
30,Y,2,10,,,,0,,,,,8,9,3,interval
30,Y,2,11,,,,0,,,,,8,9,3,interval
30,Y,2,12,,,,0,,,,,8,9,3,interval
30,Y,2,13,,,,0,,,,,8,9,3,interval
30,Y,2,14,,,,0,,,,,8,9,3,interval
30,Y,2,15,,,,0,,,,,8,9,3,interval
31,Y,2,0,3.9,0,0,1,2.5,0,0,0,8,9,3,interval
31,Y,2,1,7.1,0,0,1,5,0,0,0,8,9,3,interval
31,Y,2,2,9.4,0,0,1,6.5,0,0,0,8,9,3,interval
31,Y,2,3,10.5,0,0,1,7.5,0,0,0,8,9,3,interval
31,Y,2,4,11,3,0,1,8.4,0,0,3,8,9,3,interval
31,Y,2,5,11.1,281,0,1,9.5,0,0,284,8,9,3,interval
31,Y,2,6,11.1,128,0,1,11,0,0,412,8,9,3,interval
31,Y,2,7,11,878,0,1,11.4,0,0,1290,8,9,3,interval
31,Y,2,8,11,271,1,1,12.2,0,0,1561,8,9,3,interval
31,Y,2,9,11,,,0,13,0,0,,8,9,3,interval
31,Y,2,10,,,,0,,,,,8,9,3,interval
31,Y,2,11,,,,0,,,,,8,9,3,interval
31,Y,2,12,,,,0,,,,,8,9,3,interval
31,Y,2,13,,,,0,,,,,8,9,3,interval
31,Y,2,14,,,,0,,,,,8,9,3,interval
31,Y,2,15,,,,0,,,,,8,9,3,interval
32,Y,2,0,4.4,0,0,1,2.4,0,0,0,9,10,3,interval
32,Y,2,1,6.5,0,0,1,5.2,0,0,0,9,10,3,interval
32,Y,2,2,8.9,0,0,1,6.8,0,0,0,9,10,3,interval
32,Y,2,3,10.2,0,0,1,8.3,0,0,0,9,10,3,interval
32,Y,2,4,10.4,9,0,1,8.8,0,0,9,9,10,3,interval
32,Y,2,5,10.7,243,0,1,10.3,0,0,252,9,10,3,interval
32,Y,2,6,10.6,642,0,1,11,0,0,894,9,10,3,interval
32,Y,2,7,10.7,375,0,1,11.6,0,0,1269,9,10,3,interval
32,Y,2,8,10.7,538,0,1,12.3,0,0,1807,9,10,3,interval
32,Y,2,9,10.6,291,1,1,12.6,0,0,2098,9,10,3,interval
32,Y,2,10,,,,0,,,,,9,10,3,interval
32,Y,2,11,,,,0,,,,,9,10,3,interval
32,Y,2,12,,,,0,,,,,9,10,3,interval
32,Y,2,13,,,,0,,,,,9,10,3,interval
32,Y,2,14,,,,0,,,,,9,10,3,interval
32,Y,2,15,,,,0,,,,,9,10,3,interval
33,Y,2,0,3.8,0,0,1,2.3,0,0,0,12,13,3,interval
33,Y,2,1,6.8,0,0,1,5,0,0,0,12,13,3,interval
33,Y,2,2,9.3,0,0,1,6.8,0,0,0,12,13,3,interval
33,Y,2,3,10.8,0,0,1,7.7,0,0,0,12,13,3,interval
33,Y,2,4,11.3,0,0,1,8.5,0,0,0,12,13,3,interval
33,Y,2,5,11.5,371,0,1,9.3,0,0,371,12,13,3,interval
33,Y,2,6,11.6,545,0,1,9.7,0,0,916,12,13,3,interval
33,Y,2,7,11.9,215,0,1,10.2,0,5,1131,12,13,3,interval
33,Y,2,8,11.8,514,0,1,11.1,0,5,1645,12,13,3,interval
33,Y,2,9,12.1,760,0,1,11.4,0,12,2405,12,13,3,interval
33,Y,2,10,12,285,0,1,12.2,0,14,2690,12,13,3,interval
33,Y,2,11,12,423,0,1,12.3,0,14,3113,12,13,3,interval
33,Y,2,12,12,250,1,1,12.9,0,23,3363,12,13,3,interval
33,Y,2,13,,,,0,,,,,12,13,3,interval
33,Y,2,14,,,,0,,,,,12,13,3,interval
33,Y,2,15,,,,0,,,,,12,13,3,interval
34,Y,2,0,3.8,0,0,1,2.1,0,0,0,15,16,0,interval
34,Y,2,1,6.8,0,0,1,4.3,0,0,0,15,16,0,interval
34,Y,2,2,9.8,0,0,1,5.5,0,0,0,15,16,0,interval
34,Y,2,3,11.6,0,0,1,6.4,0,0,0,15,16,0,interval
34,Y,2,4,11.9,43,0,1,7.1,0,0,43,15,16,0,interval
34,Y,2,5,11.9,753,0,1,8.3,0,0,796,15,16,0,interval
34,Y,2,6,11.9,434,0,1,8.7,0,0,1230,15,16,0,interval
34,Y,2,7,11.9,444,0,1,9.4,0,0,1674,15,16,0,interval
34,Y,2,8,12.1,139,0,1,10.1,0,0,1813,15,16,0,interval
34,Y,2,9,12.3,396,0,1,10.4,0,0,2209,15,16,0,interval
34,Y,2,10,12.6,236,0,1,11.2,0,0,2445,15,16,0,interval
34,Y,2,11,12.4,559,0,1,11.7,0,4,3004,15,16,0,interval
34,Y,2,12,12.7,146,0,1,12.2,0,4,3150,15,16,0,interval
34,Y,2,13,12.5,39,0,1,12.5,0,4,3189,15,16,0,interval
34,Y,2,14,13,54,0,1,13,0,4,3243,15,16,0,interval
34,Y,2,15,13,174,1,1,13.4,0,4,3417,15,16,0,interval
35,Y,2,0,3.8,0,0,1,2.5,0,0,0,8,9,3,interval
35,Y,2,1,7,0,0,1,5.3,0,0,0,8,9,3,interval
35,Y,2,2,9.3,0,0,1,7,0,0,0,8,9,3,interval
35,Y,2,3,10.8,0,0,1,7.9,0,0,0,8,9,3,interval
35,Y,2,4,9.9,17,0,1,9,0,0,17,8,9,3,interval
35,Y,2,5,10,212,0,1,9.7,0,0,229,8,9,3,interval
35,Y,2,6,9.9,694,0,1,10.6,0,0,923,8,9,3,interval
35,Y,2,7,9.9,201,0,1,11.3,0,0,1124,8,9,3,interval
35,Y,2,8,10.3,316,1,1,12,0,0,1440,8,9,3,interval
35,Y,2,9,10.2,,,0,12.5,0,0,,8,9,3,interval
35,Y,2,10,,,,0,,,,,8,9,3,interval
35,Y,2,11,,,,0,,,,,8,9,3,interval
35,Y,2,12,,,,0,,,,,8,9,3,interval
35,Y,2,13,,,,0,,,,,8,9,3,interval
35,Y,2,14,,,,0,,,,,8,9,3,interval
35,Y,2,15,,,,0,,,,,8,9,3,interval
36,Y,2,0,3.8,0,0,1,2.3,0,0,0,5,6,3,interval
36,Y,2,1,5.9,0,0,1,5.3,0,0,0,5,6,3,interval
36,Y,2,2,6.7,0,0,1,8.3,0,0,0,5,6,3,interval
36,Y,2,3,7.9,0,0,1,9.4,0,0,0,5,6,3,interval
36,Y,2,4,7.8,4,0,1,10.2,0,0,4,5,6,3,interval
36,Y,2,5,7.8,40,1,1,10.8,0,0,44,5,6,3,interval
36,Y,2,6,,,,0,,,,,5,6,3,interval
36,Y,2,7,,,,0,,,,,5,6,3,interval
36,Y,2,8,,,,0,,,,,5,6,3,interval
36,Y,2,9,,,,0,,,,,5,6,3,interval
36,Y,2,10,,,,0,,,,,5,6,3,interval
36,Y,2,11,,,,0,,,,,5,6,3,interval
36,Y,2,12,,,,0,,,,,5,6,3,interval
36,Y,2,13,,,,0,,,,,5,6,3,interval
36,Y,2,14,,,,0,,,,,5,6,3,interval
36,Y,2,15,,,,0,,,,,5,6,3,interval
38,Y,2,0,3.6,0,0,1,2.3,0,0,0,8,9,3,interval
38,Y,2,1,6.5,0,0,1,5.1,0,0,0,8,9,3,interval
38,Y,2,2,8.7,0,0,1,6.8,0,0,0,8,9,3,interval
38,Y,2,3,10,0,0,1,8.4,0,0,0,8,9,3,interval
38,Y,2,4,10.1,191,0,1,8.8,0,0,191,8,9,3,interval
38,Y,2,5,10.2,1107,0,1,9.7,0,0,1298,8,9,3,interval
38,Y,2,6,10.1,1076,0,1,10.6,0,0,2374,8,9,3,interval
38,Y,2,7,10.2,559,0,1,11,0,0,2933,8,9,3,interval
38,Y,2,8,10.1,302,1,1,11.7,0,0,3235,8,9,3,interval
38,Y,2,9,,,,0,,,,,8,9,3,interval
38,Y,2,10,,,,0,,,,,8,9,3,interval
38,Y,2,11,,,,0,,,,,8,9,3,interval
38,Y,2,12,,,,0,,,,,8,9,3,interval
38,Y,2,13,,,,0,,,,,8,9,3,interval
38,Y,2,14,,,,0,,,,,8,9,3,interval
38,Y,2,15,,,,0,,,,,8,9,3,interval
39,Y,2,0,4.3,0,0,1,2.4,0,0,0,10,11,3,interval
39,Y,2,1,7.9,0,0,1,4.9,0,0,0,10,11,3,interval
39,Y,2,2,10,0,0,1,6.8,0,0,0,10,11,3,interval
39,Y,2,3,10.8,0,0,1,7.5,0,0,0,10,11,3,interval
39,Y,2,4,11.2,14,0,1,8.3,0,0,14,10,11,3,interval
39,Y,2,5,11.2,427,0,1,9.7,0,0,441,10,11,3,interval
39,Y,2,6,11.3,128,0,1,10.5,0,0,569,10,11,3,interval
39,Y,2,7,11.4,108,0,1,11.2,0,0,677,10,11,3,interval
39,Y,2,8,11.7,156,0,1,11.8,0,0,833,10,11,3,interval
39,Y,2,9,11.8,111,0,1,12,0,30,944,10,11,3,interval
39,Y,2,10,11.8,160,1,1,12.4,0,30,1104,10,11,3,interval
39,Y,2,11,11.8,,,0,13,0,73,,10,11,3,interval
39,Y,2,12,,,,0,,,,,10,11,3,interval
39,Y,2,13,,,,0,,,,,10,11,3,interval
39,Y,2,14,,,,0,,,,,10,11,3,interval
39,Y,2,15,,,,0,,,,,10,11,3,interval
40,Y,2,0,4.5,0,0,1,1.9,0,0,0,9,10,3,interval
40,Y,2,1,7.4,0,0,1,3.7,0,0,0,9,10,3,interval
40,Y,2,2,9.5,0,0,1,4.9,0,0,0,9,10,3,interval
40,Y,2,3,11.2,0,0,1,5.9,0,0,0,9,10,3,interval
40,Y,2,4,11.5,23,0,1,6.4,0,0,23,9,10,3,interval
40,Y,2,5,11.5,281,0,1,7.7,0,0,304,9,10,3,interval
40,Y,2,6,11.6,278,0,1,8.3,0,7,582,9,10,3,interval
40,Y,2,7,11.9,482,0,1,9,0,22,1064,9,10,3,interval
40,Y,2,8,11.6,406,0,1,9.6,0,22,1470,9,10,3,interval
40,Y,2,9,11.6,215,1,1,10.2,0,27,1685,9,10,3,interval
40,Y,2,10,,,,0,,,,,9,10,3,interval
40,Y,2,11,,,,0,,,,,9,10,3,interval
40,Y,2,12,,,,0,,,,,9,10,3,interval
40,Y,2,13,,,,0,,,,,9,10,3,interval
40,Y,2,14,,,,0,,,,,9,10,3,interval
40,Y,2,15,,,,0,,,,,9,10,3,interval
41,Y,2,0,4.5,0,0,1,2.4,0,0,0,7,8,3,interval
41,Y,2,1,7.5,0,0,1,5,0,0,0,7,8,3,interval
41,Y,2,2,9.3,0,0,1,6.4,0,0,0,7,8,3,interval
41,Y,2,3,10.2,0,0,1,7.4,0,0,0,7,8,3,interval
41,Y,2,4,10.2,24,0,1,8.5,0,0,24,7,8,3,interval
41,Y,2,5,10.3,135,0,1,9.6,0,24,159,7,8,3,interval
41,Y,2,6,10.2,180,0,1,10.5,0,24,339,7,8,3,interval
41,Y,2,7,10.3,187,1,1,11.4,0,24,526,7,8,3,interval
41,Y,2,8,10.2,,,0,12,0,24,,7,8,3,interval
41,Y,2,9,,,,0,,,,,7,8,3,interval
41,Y,2,10,,,,0,,,,,7,8,3,interval
41,Y,2,11,,,,0,,,,,7,8,3,interval
41,Y,2,12,,,,0,,,,,7,8,3,interval
41,Y,2,13,,,,0,,,,,7,8,3,interval
41,Y,2,14,,,,0,,,,,7,8,3,interval
41,Y,2,15,,,,0,,,,,7,8,3,interval
42,Y,2,0,4.5,0,0,1,2.5,0,0,0,15,16,0,interval
42,Y,2,1,7.4,0,0,1,4.9,0,0,0,15,16,0,interval
42,Y,2,2,9.5,0,0,1,6.2,0,0,0,15,16,0,interval
42,Y,2,3,10.5,0,0,1,7.2,0,0,0,15,16,0,interval
42,Y,2,4,11.4,3,0,1,7.7,0,0,3,15,16,0,interval
42,Y,2,5,11.7,87,0,1,8.2,0,21,90,15,16,0,interval
42,Y,2,6,12,121,0,1,8.5,0,21,211,15,16,0,interval
42,Y,2,7,12.1,871,0,1,9.1,0,35,1082,15,16,0,interval
42,Y,2,8,12.1,219,0,1,9.5,0,35,1301,15,16,0,interval
42,Y,2,9,12.4,340,0,1,10.1,0,52,1641,15,16,0,interval
42,Y,2,10,12.7,153,0,1,10.4,0,66,1794,15,16,0,interval
42,Y,2,11,12.8,312,0,1,10.7,0,81,2106,15,16,0,interval
42,Y,2,12,13.2,593,0,1,11.3,0,81,2699,15,16,0,interval
42,Y,2,13,13,642,0,1,12.1,0,97,3341,15,16,0,interval
42,Y,2,14,13,302,0,1,12.5,0,97,3643,15,16,0,interval
42,Y,2,15,13,111,1,1,13,0,97,3754,15,16,0,interval
43,Y,2,0,4.4,0,0,1,2.3,0,0,0,15,16,0,interval
43,Y,2,1,7.4,0,0,1,4.3,0,0,0,15,16,0,interval
43,Y,2,2,10.1,0,0,1,5.7,0,0,0,15,16,0,interval
43,Y,2,3,11,0,0,1,7.3,0,0,0,15,16,0,interval
43,Y,2,4,11.1,28,0,1,8,0,0,28,15,16,0,interval
43,Y,2,5,11.1,420,0,1,9.5,0,0,448,15,16,0,interval
43,Y,2,6,11.2,160,0,1,10.4,0,0,608,15,16,0,interval
43,Y,2,7,11.2,514,0,1,11.3,0,0,1122,15,16,0,interval
43,Y,2,8,11.1,437,0,1,11.9,0,4,1559,15,16,0,interval
43,Y,2,9,11,146,0,1,12.3,0,4,1705,15,16,0,interval
43,Y,2,10,11.1,295,0,1,12.9,0,11,2000,15,16,0,interval
43,Y,2,11,11.3,194,0,1,13.1,0,13,2194,15,16,0,interval
43,Y,2,12,11.4,73,0,1,13.5,0,14,2267,15,16,0,interval
43,Y,2,13,11.5,156,0,1,13.7,0,18,2423,15,16,0,interval
43,Y,2,14,11.6,142,0,1,14.1,0,24,2565,15,16,0,interval
43,Y,2,15,11.8,104,1,1,14.5,0,50,2669,15,16,0,interval
44,Y,2,0,4.5,0,0,1,2.3,0,0,0,12,13,3,interval
44,Y,2,1,7.6,0,0,1,4.5,0,0,0,12,13,3,interval
44,Y,2,2,9.5,0,0,1,5.8,0,0,0,12,13,3,interval
44,Y,2,3,10.8,0,0,1,6.7,0,0,0,12,13,3,interval
44,Y,2,4,11.6,0,0,1,7.4,0,0,0,12,13,3,interval
44,Y,2,5,11.9,243,0,1,8.3,0,0,243,12,13,3,interval
44,Y,2,6,11.8,475,0,1,8.9,0,0,718,12,13,3,interval
44,Y,2,7,11.7,632,0,1,9.7,0,0,1350,12,13,3,interval
44,Y,2,8,11.7,187,0,1,10.5,0,0,1537,12,13,3,interval
44,Y,2,9,11.9,73,0,1,11.2,0,0,1610,12,13,3,interval
44,Y,2,10,12,239,0,1,11.8,0,0,1849,12,13,3,interval
44,Y,2,11,11.8,222,0,1,12.1,0,8,2071,12,13,3,interval
44,Y,2,12,11.8,80,1,1,12.7,0,14,2151,12,13,3,interval
44,Y,2,13,,,,0,,,,,12,13,3,interval
44,Y,2,14,,,,0,,,,,12,13,3,interval
44,Y,2,15,,,,0,,,,,12,13,3,interval
45,Y,2,0,3.8,0,0,1,2.2,0,0,0,11,12,3,interval
45,Y,2,1,6.7,0,0,1,4.9,0,0,0,11,12,3,interval
45,Y,2,2,8.7,0,0,1,6.4,0,0,0,11,12,3,interval
45,Y,2,3,9.6,0,0,1,7.5,0,0,0,11,12,3,interval
45,Y,2,4,10,11,0,1,8,0,0,11,11,12,3,interval
45,Y,2,5,10,208,0,1,9,0,0,219,11,12,3,interval
45,Y,2,6,10.1,128,0,1,9.6,0,0,347,11,12,3,interval
45,Y,2,7,10.2,611,0,1,10.2,0,0,958,11,12,3,interval
45,Y,2,8,10.5,73,0,1,10.8,0,0,1031,11,12,3,interval
45,Y,2,9,10.3,163,0,1,11.5,0,0,1194,11,12,3,interval
45,Y,2,10,10.6,71,0,1,12,0,6,1265,11,12,3,interval
45,Y,2,11,10.5,180,1,1,12.5,0,6,1445,11,12,3,interval
45,Y,2,12,10.5,,,0,13,0,6,,11,12,3,interval
45,Y,2,13,,,,0,,,,,11,12,3,interval
45,Y,2,14,,,,0,,,,,11,12,3,interval
45,Y,2,15,,,,0,,,,,11,12,3,interval
52,Y,4,0,3.7,0,0,1,3.8,0,0,0,15,16,0,interval
52,Y,4,1,7.3,0,0,1,5.7,0,0,0,15,16,0,interval
52,Y,4,2,9.3,0,0,1,7.2,0,0,0,15,16,0,interval
52,Y,4,3,10.3,0,0,1,8,0,0,0,15,16,0,interval
52,Y,4,4,10.7,0,0,1,8.3,0,13,0,15,16,0,interval
52,Y,4,5,11,375,0,1,8.9,0,13,375,15,16,0,interval
52,Y,4,6,11.3,468,0,1,9.5,0,13,843,15,16,0,interval
52,Y,4,7,11.3,1124,0,1,9.8,0,13,1967,15,16,0,interval
52,Y,4,8,11.3,239,0,1,10.2,0,13,2206,15,16,0,interval
52,Y,4,9,11.2,177,0,1,10.5,0,13,2383,15,16,0,interval
52,Y,4,10,11.4,285,0,1,11.1,0,13,2668,15,16,0,interval
52,Y,4,11,11.2,337,0,1,11.3,0,34,3005,15,16,0,interval
52,Y,4,12,11.5,191,0,1,11.8,0,69,3196,15,16,0,interval
52,Y,4,13,11.6,68,0,1,12,0,121,3264,15,16,0,interval
52,Y,4,14,11.6,763,0,1,12.4,0,151,4027,15,16,0,interval
52,Y,4,15,11.8,115,1,1,12.5,0,179,4142,15,16,0,interval
53,Y,4,0,3.6,0,0,1,3.4,0,0,0,11,12,3,interval
53,Y,4,1,7,0,0,1,5.8,0,0,0,11,12,3,interval
53,Y,4,2,9.1,0,0,1,7.5,0,0,0,11,12,3,interval
53,Y,4,3,10.2,0,0,1,8.4,0,0,0,11,12,3,interval
53,Y,4,4,10.8,56,0,1,8.9,0,0,56,11,12,3,interval
53,Y,4,5,10.9,1051,0,1,9.7,0,0,1107,11,12,3,interval
53,Y,4,6,10.9,1034,0,1,10.2,0,0,2141,11,12,3,interval
53,Y,4,7,11,455,0,1,10.6,0,0,2596,11,12,3,interval
53,Y,4,8,11,1121,0,1,11.3,0,15,3717,11,12,3,interval
53,Y,4,9,11.2,514,0,1,11.9,0,37,4231,11,12,3,interval
53,Y,4,10,11.1,739,0,1,12.4,0,90,4970,11,12,3,interval
53,Y,4,11,10.8,1364,1,1,12.8,0,180,6334,11,12,3,interval
53,Y,4,12,,,,0,,,,,11,12,3,interval
53,Y,4,13,,,,0,,,,,11,12,3,interval
53,Y,4,14,,,,0,,,,,11,12,3,interval
53,Y,4,15,,,,0,,,,,11,12,3,interval
55,Y,4,0,4,0,0,1,4.4,0,0,0,9,10,3,interval
55,Y,4,1,6,0,0,1,6.6,0,0,0,9,10,3,interval
55,Y,4,2,8.8,0,0,1,8.3,0,0,0,9,10,3,interval
55,Y,4,3,10,0,0,1,9.3,0,0,0,9,10,3,interval
55,Y,4,4,10,2,0,1,9.9,0,0,2,9,10,3,interval
55,Y,4,5,10.1,278,0,1,10.4,0,0,280,9,10,3,interval
55,Y,4,6,10,288,0,1,10.7,0,13,568,9,10,3,interval
55,Y,4,7,10.5,420,0,1,11,0,66,988,9,10,3,interval
55,Y,4,8,10.3,236,0,1,11.4,0,126,1224,9,10,3,interval
55,Y,4,9,10.3,229,1,1,12.1,0,146,1453,9,10,3,interval
55,Y,4,10,,,,0,,,,,9,10,3,interval
55,Y,4,11,,,,0,,,,,9,10,3,interval
55,Y,4,12,,,,0,,,,,9,10,3,interval
55,Y,4,13,,,,0,,,,,9,10,3,interval
55,Y,4,14,,,,0,,,,,9,10,3,interval
55,Y,4,15,,,,0,,,,,9,10,3,interval
56,Y,4,0,3.6,0,0,1,4.4,0,0,0,15,16,0,interval
56,Y,4,1,6.5,0,0,1,6.3,0,0,0,15,16,0,interval
56,Y,4,2,8.4,0,0,1,7.5,0,0,0,15,16,0,interval
56,Y,4,3,9.6,0,0,1,8.3,0,0,0,15,16,0,interval
56,Y,4,4,10.5,0,0,1,8.6,0,0,0,15,16,0,interval
56,Y,4,5,10.5,420,0,1,9.3,0,0,420,15,16,0,interval
56,Y,4,6,10.9,305,0,1,9.8,0,0,725,15,16,0,interval
56,Y,4,7,11.1,90,0,1,10.3,0,0,815,15,16,0,interval
56,Y,4,8,11.3,434,0,1,10.7,0,12,1249,15,16,0,interval
56,Y,4,9,11.4,191,0,1,10.9,0,12,1440,15,16,0,interval
56,Y,4,10,11.7,687,0,1,11.2,0,12,2127,15,16,0,interval
56,Y,4,11,11.5,316,0,1,11.5,0,12,2443,15,16,0,interval
56,Y,4,12,11.8,198,0,1,11.9,0,17,2641,15,16,0,interval
56,Y,4,13,11.8,180,0,1,12.1,0,27,2821,15,16,0,interval
56,Y,4,14,11.9,1090,0,1,12.4,0,50,3911,15,16,0,interval
56,Y,4,15,12.1,260,1,1,12.8,0,76,4171,15,16,0,interval
58,Y,4,0,3.6,0,0,1,3.8,0,0,0,8,9,3,interval
58,Y,4,1,6.9,0,0,1,5.8,0,0,0,8,9,3,interval
58,Y,4,2,9.2,0,0,1,7.2,0,0,0,8,9,3,interval
58,Y,4,3,10.2,0,0,1,8.2,0,0,0,8,9,3,interval
58,Y,4,4,10.7,115,0,1,8.8,0,0,115,8,9,3,interval
58,Y,4,5,10.8,323,0,1,9.6,0,0,438,8,9,3,interval
58,Y,4,6,10.8,406,0,1,10.4,0,0,844,8,9,3,interval
58,Y,4,7,11.1,201,0,1,10.8,0,0,1045,8,9,3,interval
58,Y,4,8,10.7,194,1,1,11.8,0,2,1239,8,9,3,interval
58,Y,4,9,10.8,,,0,12.4,0,2,,8,9,3,interval
58,Y,4,10,,,,0,,,,,8,9,3,interval
58,Y,4,11,,,,0,,,,,8,9,3,interval
58,Y,4,12,,,,0,,,,,8,9,3,interval
58,Y,4,13,,,,0,,,,,8,9,3,interval
58,Y,4,14,,,,0,,,,,8,9,3,interval
58,Y,4,15,,,,0,,,,,8,9,3,interval
60,Y,4,0,4.1,0,0,1,4,0,0,0,14,15,3,interval
60,Y,4,1,7.6,0,0,1,4.3,0,0,0,14,15,3,interval
60,Y,4,2,10.2,0,0,1,4.5,0,0,0,14,15,3,interval
60,Y,4,3,12.5,0,0,1,4.6,0,0,0,14,15,3,interval
60,Y,4,4,12.9,5,0,1,4.8,1,0,5,14,15,3,interval
60,Y,4,5,13.2,985,0,1,6.1,0,0,990,14,15,3,interval
60,Y,4,6,13,732,0,1,7.1,0,0,1722,14,15,3,interval
60,Y,4,7,13,295,0,1,8.2,0,0,2017,14,15,3,interval
60,Y,4,8,13.3,704,0,1,9.1,0,0,2721,14,15,3,interval
60,Y,4,9,13.4,874,0,1,9.6,0,0,3595,14,15,3,interval
60,Y,4,10,13.4,222,0,1,10.3,0,0,3817,14,15,3,interval
60,Y,4,11,13,291,0,1,10.6,0,0,4108,14,15,3,interval
60,Y,4,12,13.6,344,0,1,11.3,0,0,4452,14,15,3,interval
60,Y,4,13,13.3,319,0,1,11.6,0,6,4771,14,15,3,interval
60,Y,4,14,13.4,298,1,1,12.2,0,9,5069,14,15,3,interval
60,Y,4,15,,,,0,,,,,14,15,3,interval
61,Y,4,0,4,0,0,1,4.5,0,0,0,14,15,3,interval
61,Y,4,1,6.3,0,0,1,7,0,0,0,14,15,3,interval
61,Y,4,2,8.2,0,0,1,8.6,0,0,0,14,15,3,interval
61,Y,4,3,9.3,0,0,1,9.5,0,0,0,14,15,3,interval
61,Y,4,4,9.6,1,0,1,10.2,0,0,1,14,15,3,interval
61,Y,4,5,9.8,291,0,1,10.7,0,0,292,14,15,3,interval
61,Y,4,6,9.7,222,0,1,11.4,0,0,514,14,15,3,interval
61,Y,4,7,10.3,90,0,1,12,0,0,604,14,15,3,interval
61,Y,4,8,10,83,0,1,12.5,0,0,687,14,15,3,interval
61,Y,4,9,10.2,94,0,1,12.8,0,0,781,14,15,3,interval
61,Y,4,10,10.2,194,0,1,13.4,0,0,975,14,15,3,interval
61,Y,4,11,10.3,153,0,1,13.6,0,0,1128,14,15,3,interval
61,Y,4,12,10.2,94,0,1,14.2,0,0,1222,14,15,3,interval
61,Y,4,13,10.2,38,0,1,14.7,0,0,1260,14,15,3,interval
61,Y,4,14,10.2,15,1,1,15.2,0,0,1275,14,15,3,interval
61,Y,4,15,,,,0,,,,,14,15,3,interval
62,Y,4,0,4,0,0,1,3.8,0,0,0,14,15,3,interval
62,Y,4,1,6.8,0,0,1,5.6,0,0,0,14,15,3,interval
62,Y,4,2,9.3,0,0,1,7,0,0,0,14,15,3,interval
62,Y,4,3,10.9,0,0,1,7.8,0,0,0,14,15,3,interval
62,Y,4,4,10.9,12,0,1,8.4,0,0,12,14,15,3,interval
62,Y,4,5,11.1,482,0,1,9.3,0,0,494,14,15,3,interval
62,Y,4,6,10.9,396,0,1,10,0,0,890,14,15,3,interval
62,Y,4,7,11,774,0,1,10.7,0,0,1664,14,15,3,interval
62,Y,4,8,10.9,81,0,1,11.2,0,0,1745,14,15,3,interval
62,Y,4,9,11.2,139,0,1,11.7,0,15,1884,14,15,3,interval
62,Y,4,10,11.3,170,0,1,12.1,0,59,2054,14,15,3,interval
62,Y,4,11,11,101,0,1,12.2,0,81,2155,14,15,3,interval
62,Y,4,12,11.3,34,0,1,12.7,0,92,2189,14,15,3,interval
62,Y,4,13,11.1,66,0,1,12.9,0,148,2255,14,15,3,interval
62,Y,4,14,11.2,132,1,1,13.2,0,227,2387,14,15,3,interval
62,Y,4,15,,,,0,,,,,14,15,3,interval
67,Y,4,0,3.8,0,0,1,4.2,0,0,0,15,16,0,interval
67,Y,4,1,7,0,0,1,6.4,0,0,0,15,16,0,interval
67,Y,4,2,9,0,0,1,7.7,0,0,0,15,16,0,interval
67,Y,4,3,10.4,0,0,1,8.3,0,0,0,15,16,0,interval
67,Y,4,4,11,12,0,1,8.4,0,0,12,15,16,0,interval
67,Y,4,5,11.1,347,0,1,8.8,0,0,359,15,16,0,interval
67,Y,4,6,11.3,809,0,1,9.2,0,0,1168,15,16,0,interval
67,Y,4,7,11.6,833,0,1,9.4,0,0,2001,15,16,0,interval
67,Y,4,8,11.8,500,0,1,9.9,0,0,2501,15,16,0,interval
67,Y,4,9,11.8,385,0,1,10.2,0,0,2886,15,16,0,interval
67,Y,4,10,12,430,0,1,10.3,0,0,3316,15,16,0,interval
67,Y,4,11,11.8,246,0,1,10.7,0,0,3562,15,16,0,interval
67,Y,4,12,12,125,0,1,11.2,0,9,3687,15,16,0,interval
67,Y,4,13,12.1,937,0,1,11.4,0,31,4624,15,16,0,interval
67,Y,4,14,12.4,139,0,1,11.6,0,52,4763,15,16,0,interval
67,Y,4,15,12.4,167,1,1,11.7,0,54,4930,15,16,0,interval
68,Y,4,0,3.6,0,0,1,4.5,0,0,0,12,13,3,interval
68,Y,4,1,6.2,0,0,1,7.1,0,0,0,12,13,3,interval
68,Y,4,2,8.3,0,0,1,8.5,0,0,0,12,13,3,interval
68,Y,4,3,9.2,0,0,1,9.4,0,0,0,12,13,3,interval
68,Y,4,4,9.4,24,0,1,9.8,0,0,24,12,13,3,interval
68,Y,4,5,9.6,212,0,1,10.4,0,0,236,12,13,3,interval
68,Y,4,6,9.7,254,0,1,10.9,0,0,490,12,13,3,interval
68,Y,4,7,9.7,312,0,1,11.3,0,0,802,12,13,3,interval
68,Y,4,8,10,649,0,1,11.9,0,26,1451,12,13,3,interval
68,Y,4,9,10.2,226,0,1,12.2,0,26,1677,12,13,3,interval
68,Y,4,10,10.3,142,0,1,12.7,0,26,1819,12,13,3,interval
68,Y,4,11,10.6,378,0,1,13,0,44,2197,12,13,3,interval
68,Y,4,12,10.6,132,1,1,13.4,0,63,2329,12,13,3,interval
68,Y,4,13,10.6,,,0,13.8,0,137,,12,13,3,interval
68,Y,4,14,,,,0,,,,,12,13,3,interval
68,Y,4,15,,,,0,,,,,12,13,3,interval
69,Y,4,0,3.8,0,0,1,4,0,0,0,15,16,0,interval
69,Y,4,1,7,0,0,1,6.3,0,0,0,15,16,0,interval
69,Y,4,2,9.8,0,0,1,8.3,0,0,0,15,16,0,interval
69,Y,4,3,10.9,0,0,1,9.1,0,0,0,15,16,0,interval
69,Y,4,4,11,23,0,1,9.7,0,0,23,15,16,0,interval
69,Y,4,5,11.3,167,0,1,10.2,0,0,190,15,16,0,interval
69,Y,4,6,11.2,160,0,1,10.6,0,0,350,15,16,0,interval
69,Y,4,7,11.3,486,0,1,11.2,0,0,836,15,16,0,interval
69,Y,4,8,11.3,253,0,1,12.2,0,3,1089,15,16,0,interval
69,Y,4,9,11.3,579,0,1,12.3,0,3,1668,15,16,0,interval
69,Y,4,10,11.6,108,0,1,12.9,0,3,1776,15,16,0,interval
69,Y,4,11,11.7,333,0,1,13.1,0,8,2109,15,16,0,interval
69,Y,4,12,11.6,108,0,1,13.7,0,8,2217,15,16,0,interval
69,Y,4,13,11.8,72,0,1,14,0,8,2289,15,16,0,interval
69,Y,4,14,11.7,239,0,1,14.4,0,8,2528,15,16,0,interval
69,Y,4,15,11.7,239,1,1,14.5,0,10,2767,15,16,0,interval
70,Y,4,0,4.5,0,0,1,3.9,0,0,0,13,14,3,interval
70,Y,4,1,7.4,0,0,1,6.4,0,0,0,13,14,3,interval
70,Y,4,2,9.3,0,0,1,7.9,0,0,0,13,14,3,interval
70,Y,4,3,10.5,0,0,1,8.7,0,0,0,13,14,3,interval
70,Y,4,4,10.8,0,0,1,9.3,0,0,0,13,14,3,interval
70,Y,4,5,10.8,208,0,1,10,0,0,208,13,14,3,interval
70,Y,4,6,10.8,115,0,1,10.5,0,0,323,13,14,3,interval
70,Y,4,7,11.1,135,0,1,10.7,0,0,458,13,14,3,interval
70,Y,4,8,11.8,451,0,1,10.5,0,0,909,13,14,3,interval
70,Y,4,9,11.8,271,0,1,10.6,0,0,1180,13,14,3,interval
70,Y,4,10,12.5,305,0,1,10.6,0,0,1485,13,14,3,interval
70,Y,4,11,12.3,760,0,1,10.9,0,0,2245,13,14,3,interval
70,Y,4,12,12.6,156,0,1,11.6,0,0,2401,13,14,3,interval
70,Y,4,13,12.5,94,1,1,12,0,29,2495,13,14,3,interval
70,Y,4,14,,,,0,,,,,13,14,3,interval
70,Y,4,15,,,,0,,,,,13,14,3,interval
76,Y,8,0,4.3,0,0,1,8.3,0,0,0,9,10,3,interval
76,Y,8,1,6.1,0,0,1,9.3,0,0,0,9,10,3,interval
76,Y,8,2,7.5,0,0,1,10.2,0,0,0,9,10,3,interval
76,Y,8,3,8.9,0,0,1,10.7,0,0,0,9,10,3,interval
76,Y,8,4,9.5,0,0,1,11.5,0,10,0,9,10,3,interval
76,Y,8,5,9.6,427,0,1,11.9,0,10,427,9,10,3,interval
76,Y,8,6,9.8,250,0,1,12.2,0,15,677,9,10,3,interval
76,Y,8,7,8.6,569,0,1,12.5,0,22,1246,9,10,3,interval
76,Y,8,8,10.1,604,0,1,13,0,24,1850,9,10,3,interval
76,Y,8,9,9.9,271,1,1,13.4,0,24,2121,9,10,3,interval
76,Y,8,10,10,,,0,14,0,26,,9,10,3,interval
76,Y,8,11,,,,0,,,,,9,10,3,interval
76,Y,8,12,,,,0,,,,,9,10,3,interval
76,Y,8,13,,,,0,,,,,9,10,3,interval
76,Y,8,14,,,,0,,,,,9,10,3,interval
76,Y,8,15,,,,0,,,,,9,10,3,interval
77,Y,8,0,4.2,0,0,1,7.9,0,0,0,15,16,0,interval
77,Y,8,1,6.7,0,0,1,9.1,0,0,0,15,16,0,interval
77,Y,8,2,9,0,0,1,10.2,0,0,0,15,16,0,interval
77,Y,8,3,10.2,0,0,1,10.5,0,0,0,15,16,0,interval
77,Y,8,4,10.4,5,0,1,11,0,0,5,15,16,0,interval
77,Y,8,5,10.4,368,0,1,11.5,0,0,373,15,16,0,interval
77,Y,8,6,10.4,232,0,1,12,0,0,605,15,16,0,interval
77,Y,8,7,10.5,84,0,1,12.5,0,0,689,15,16,0,interval
77,Y,8,8,10.6,104,0,1,13,0,0,793,15,16,0,interval
77,Y,8,9,10.4,153,0,1,13,0,0,946,15,16,0,interval
77,Y,8,10,10.3,125,0,1,13.5,0,11,1071,15,16,0,interval
77,Y,8,11,10.2,146,0,1,13.7,0,14,1217,15,16,0,interval
77,Y,8,12,10.7,132,0,1,14.3,0,14,1349,15,16,0,interval
77,Y,8,13,10.8,135,0,1,14.5,0,36,1484,15,16,0,interval
77,Y,8,14,10.7,232,0,1,14.6,0,76,1716,15,16,0,interval
77,Y,8,15,10.8,184,1,1,15,0,96,1900,15,16,0,interval
78,Y,8,0,3.7,0,0,1,8.1,0,0,0,13,14,3,interval
78,Y,8,1,6.8,0,0,1,8.2,0,0,0,13,14,3,interval
78,Y,8,2,9.7,0,0,1,8.3,0,0,0,13,14,3,interval
78,Y,8,3,11.6,0,0,1,8.4,0,0,0,13,14,3,interval
78,Y,8,4,12.2,2,0,1,8.3,0,0,2,13,14,3,interval
78,Y,8,5,12.4,1818,0,1,8,0,8,1820,13,14,3,interval
78,Y,8,6,12.7,1128,0,1,8.8,0,8,2948,13,14,3,interval
78,Y,8,7,12.9,1475,0,1,9.5,0,8,4423,13,14,3,interval
78,Y,8,8,13,2037,0,1,10,0,13,6460,13,14,3,interval
78,Y,8,9,12.9,916,0,1,10.2,0,13,7376,13,14,3,interval
78,Y,8,10,13,1891,0,1,10.7,0,16,9267,13,14,3,interval
78,Y,8,11,12.7,1676,0,1,11,0,29,10943,13,14,3,interval
78,Y,8,12,13.3,652,0,1,11.4,0,45,11595,13,14,3,interval
78,Y,8,13,13,302,1,1,11.7,0,65,11897,13,14,3,interval
78,Y,8,14,13.1,,,0,12.2,0,68,,13,14,3,interval
78,Y,8,15,,,,0,,,,,13,14,3,interval
79,Y,8,0,4,0,0,1,8.5,0,0,0,12,13,3,interval
79,Y,8,1,6.3,0,0,1,9.4,0,0,0,12,13,3,interval
79,Y,8,2,8.7,0,0,1,9.8,0,0,0,12,13,3,interval
79,Y,8,3,11.2,0,0,1,10,0,0,0,12,13,3,interval
79,Y,8,4,12.1,4,0,1,10,1,0,4,12,13,3,interval
79,Y,8,5,12.5,691,0,1,10.4,0,0,695,12,13,3,interval
79,Y,8,6,12.6,462,0,1,10.9,0,0,1157,12,13,3,interval
79,Y,8,7,12.5,482,0,1,11.2,0,0,1639,12,13,3,interval
79,Y,8,8,12.7,368,0,1,11.4,0,12,2007,12,13,3,interval
79,Y,8,9,12.7,125,0,1,12,0,17,2132,12,13,3,interval
79,Y,8,10,13,576,0,1,12.3,0,32,2708,12,13,3,interval
79,Y,8,11,12.5,701,0,1,12.6,0,37,3409,12,13,3,interval
79,Y,8,12,12.8,264,1,1,13,0,37,3673,12,13,3,interval
79,Y,8,13,12.7,,,0,13.2,0,37,,12,13,3,interval
79,Y,8,14,,,,0,,,,,12,13,3,interval
79,Y,8,15,,,,0,,,,,12,13,3,interval
80,Y,8,0,4.2,0,0,1,8.5,0,0,0,11,12,3,interval
80,Y,8,1,6.2,0,0,1,9.4,0,0,0,11,12,3,interval
80,Y,8,2,7.9,0,0,1,10.8,0,0,0,11,12,3,interval
80,Y,8,3,9,0,0,1,11.2,0,0,0,11,12,3,interval
80,Y,8,4,9.2,6,0,1,11.9,0,10,6,11,12,3,interval
80,Y,8,5,9.2,125,0,1,12.4,0,33,131,11,12,3,interval
80,Y,8,6,9.2,555,0,1,12.6,0,61,686,11,12,3,interval
80,Y,8,7,9.2,142,0,1,13,0,75,828,11,12,3,interval
80,Y,8,8,9,20,0,1,13.3,0,88,848,11,12,3,interval
80,Y,8,9,9.1,77,0,1,13.6,0,97,925,11,12,3,interval
80,Y,8,10,9.2,125,0,1,14,0,102,1050,11,12,3,interval
80,Y,8,11,9,434,1,1,14.3,0,119,1484,11,12,3,interval
80,Y,8,12,9.2,,,0,14.7,0,131,,11,12,3,interval
80,Y,8,13,,,,0,,,,,11,12,3,interval
80,Y,8,14,,,,0,,,,,11,12,3,interval
80,Y,8,15,,,,0,,,,,11,12,3,interval
82,Y,8,0,4,0,0,1,8.1,0,0,0,12,13,3,interval
82,Y,8,1,6.2,0,0,1,8.9,0,0,0,12,13,3,interval
82,Y,8,2,8.5,0,0,1,9.8,0,0,0,12,13,3,interval
82,Y,8,3,9.7,0,0,1,10.2,0,51,0,12,13,3,interval
82,Y,8,4,10,18,0,1,10.6,0,70,18,12,13,3,interval
82,Y,8,5,10.1,194,0,1,10.8,0,114,212,12,13,3,interval
82,Y,8,6,10.2,392,0,1,11,0,156,604,12,13,3,interval
82,Y,8,7,10.2,382,0,1,11.2,0,207,986,12,13,3,interval
82,Y,8,8,10.4,149,0,1,11.5,0,285,1135,12,13,3,interval
82,Y,8,9,10.3,219,0,1,11.6,0,380,1354,12,13,3,interval
82,Y,8,10,10.4,111,0,1,11.7,0,472,1465,12,13,3,interval
82,Y,8,11,10.4,64,0,1,11.7,0,579,1529,12,13,3,interval
82,Y,8,12,10.4,7,1,1,11.8,0,666,1536,12,13,3,interval
82,Y,8,13,,,,0,,,,,12,13,3,interval
82,Y,8,14,,,,0,,,,,12,13,3,interval
82,Y,8,15,,,,0,,,,,12,13,3,interval
84,Y,8,0,3.7,0,0,1,7.6,0,0,0,12,13,3,interval
84,Y,8,1,5.5,0,0,1,8.6,0,0,0,12,13,3,interval
84,Y,8,2,8,0,0,1,10,0,0,0,12,13,3,interval
84,Y,8,3,9.7,0,0,1,10.6,0,0,0,12,13,3,interval
84,Y,8,4,10,44,0,1,11.1,0,0,44,12,13,3,interval
84,Y,8,5,10.2,278,0,1,11.5,0,0,322,12,13,3,interval
84,Y,8,6,10.3,479,0,1,11.9,0,0,801,12,13,3,interval
84,Y,8,7,10.2,215,0,1,12.4,0,0,1016,12,13,3,interval
84,Y,8,8,9.9,118,0,1,12.9,0,8,1134,12,13,3,interval
84,Y,8,9,10.1,229,0,1,13.3,0,8,1363,12,13,3,interval
84,Y,8,10,10.1,73,0,1,13.7,0,9,1436,12,13,3,interval
84,Y,8,11,10,149,0,1,13.8,0,10,1585,12,13,3,interval
84,Y,8,12,10,46,1,1,14.6,0,10,1631,12,13,3,interval
84,Y,8,13,10.1,,,0,14.9,0,10,,12,13,3,interval
84,Y,8,14,,,,0,,,,,12,13,3,interval
84,Y,8,15,,,,0,,,,,12,13,3,interval
85,Y,8,0,3.5,0,0,1,8.5,0,0,0,7,8,3,interval
85,Y,8,1,5.5,0,0,1,10.1,0,0,0,7,8,3,interval
85,Y,8,2,7,0,0,1,11.3,0,0,0,7,8,3,interval
85,Y,8,3,8,0,0,1,11.9,0,0,0,7,8,3,interval
85,Y,8,4,8.5,17,0,1,12.5,0,0,17,7,8,3,interval
85,Y,8,5,8.7,548,0,1,12.9,0,15,565,7,8,3,interval
85,Y,8,6,8.9,219,0,1,13.2,0,15,784,7,8,3,interval
85,Y,8,7,9.1,205,1,1,13.7,0,15,989,7,8,3,interval
85,Y,8,8,,,,0,,,,,7,8,3,interval
85,Y,8,9,,,,0,,,,,7,8,3,interval
85,Y,8,10,,,,0,,,,,7,8,3,interval
85,Y,8,11,,,,0,,,,,7,8,3,interval
85,Y,8,12,,,,0,,,,,7,8,3,interval
85,Y,8,13,,,,0,,,,,7,8,3,interval
85,Y,8,14,,,,0,,,,,7,8,3,interval
85,Y,8,15,,,,0,,,,,7,8,3,interval
90,Y,8,0,4.2,0,0,1,7.6,0,0,0,4,5,3,interval
90,Y,8,1,6,0,0,1,8.5,0,0,0,4,5,3,interval
90,Y,8,2,7.5,0,0,1,9.6,0,0,0,4,5,3,interval
90,Y,8,3,7.8,0,0,1,10.8,0,0,0,4,5,3,interval
90,Y,8,4,7.8,44,1,1,11.2,0,47,44,4,5,3,interval
90,Y,8,5,7.7,,,0,11.7,0,47,,4,5,3,interval
90,Y,8,6,,,,0,,,,,4,5,3,interval
90,Y,8,7,,,,0,,,,,4,5,3,interval
90,Y,8,8,,,,0,,,,,4,5,3,interval
90,Y,8,9,,,,0,,,,,4,5,3,interval
90,Y,8,10,,,,0,,,,,4,5,3,interval
90,Y,8,11,,,,0,,,,,4,5,3,interval
90,Y,8,12,,,,0,,,,,4,5,3,interval
90,Y,8,13,,,,0,,,,,4,5,3,interval
90,Y,8,14,,,,0,,,,,4,5,3,interval
90,Y,8,15,,,,0,,,,,4,5,3,interval
91,Y,8,0,4.1,0,0,1,7.6,0,0,0,13,14,3,interval
91,Y,8,1,5.5,0,0,1,8.9,0,0,0,13,14,3,interval
91,Y,8,2,7,0,0,1,10.2,0,0,0,13,14,3,interval
91,Y,8,3,7.5,0,0,1,10.8,0,0,0,13,14,3,interval
91,Y,8,4,7.8,49,0,1,11.2,0,58,49,13,14,3,interval
91,Y,8,5,8,49,0,1,11.5,0,111,98,13,14,3,interval
91,Y,8,6,8.2,66,0,1,11.7,0,143,164,13,14,3,interval
91,Y,8,7,8.5,427,0,1,12.3,0,167,591,13,14,3,interval
91,Y,8,8,8.6,201,0,1,12.7,0,167,792,13,14,3,interval
91,Y,8,9,8.6,368,0,1,13,0,167,1160,13,14,3,interval
91,Y,8,10,8.7,101,0,1,13.4,0,167,1261,13,14,3,interval
91,Y,8,11,8.8,191,0,1,13.5,0,246,1452,13,14,3,interval
91,Y,8,12,9.2,149,0,1,14,0,370,1601,13,14,3,interval
91,Y,8,13,9.3,264,1,1,14.3,0,460,1865,13,14,3,interval
91,Y,8,14,,,,0,,,,,13,14,3,interval
91,Y,8,15,,,,0,,,,,13,14,3,interval
92,Y,8,0,4,0,0,1,8.1,0,0,0,15,16,0,interval
92,Y,8,1,5.6,0,0,1,9.1,0,0,0,15,16,0,interval
92,Y,8,2,7.7,0,0,1,10.3,0,0,0,15,16,0,interval
92,Y,8,3,9.2,0,0,1,10.7,0,0,0,15,16,0,interval
92,Y,8,4,9.3,32,0,1,11.3,0,0,32,15,16,0,interval
92,Y,8,5,9.6,368,0,1,12.1,0,69,400,15,16,0,interval
92,Y,8,6,9.6,267,0,1,12.8,0,69,667,15,16,0,interval
92,Y,8,7,9.6,472,0,1,13,0,69,1139,15,16,0,interval
92,Y,8,8,9.6,160,0,1,13.8,0,69,1299,15,16,0,interval
92,Y,8,9,9.7,31,0,1,13.8,0,69,1330,15,16,0,interval
92,Y,8,10,9.7,12,0,1,14.2,0,69,1342,15,16,0,interval
92,Y,8,11,9.4,108,0,1,14.6,0,69,1450,15,16,0,interval
92,Y,8,12,9.4,32,1,1,15.2,0,69,1482,15,16,0,interval
92,Y,8,13,,0,0,1,,0,,,15,16,0,interval
92,Y,8,14,,0,0,1,,0,,,15,16,0,interval
92,Y,8,15,,0,0,1,,0,,,15,16,0,interval
94,Y,8,0,4.3,0,0,1,7.8,0,0,0,15,16,0,interval
94,Y,8,1,6.5,0,0,1,8.7,0,0,0,15,16,0,interval
94,Y,8,2,8.3,0,0,1,9.6,0,0,0,15,16,0,interval
94,Y,8,3,9.5,0,0,1,10.3,0,0,0,15,16,0,interval
94,Y,8,4,9.7,0,0,1,10.8,0,0,0,15,16,0,interval
94,Y,8,5,10.2,125,0,1,11.1,0,23,125,15,16,0,interval
94,Y,8,6,10.4,205,0,1,11.2,0,42,330,15,16,0,interval
94,Y,8,7,10.9,309,0,1,11.6,0,89,639,15,16,0,interval
94,Y,8,8,10.8,361,0,1,11.8,0,130,1000,15,16,0,interval
94,Y,8,9,10.8,160,0,1,11.8,0,184,1160,15,16,0,interval
94,Y,8,10,10.9,323,0,1,12.3,0,277,1483,15,16,0,interval
94,Y,8,11,11,239,0,1,12.2,0,343,1722,15,16,0,interval
94,Y,8,12,11.2,246,0,1,12.3,0,373,1968,15,16,0,interval
94,Y,8,13,11.3,659,0,1,12.8,0,389,2627,15,16,0,interval
94,Y,8,14,11.6,337,0,1,13.2,0,407,2964,15,16,0,interval
94,Y,8,15,11.7,146,1,1,13.8,0,413,3110,15,16,0,interval
95,Y,8,0,4.2,0,0,1,8.5,0,0,0,13,14,3,interval
95,Y,8,1,5.3,0,0,1,9.6,0,0,0,13,14,3,interval
95,Y,8,2,6.2,0,0,1,10.9,0,0,0,13,14,3,interval
95,Y,8,3,7.3,0,0,1,11.6,0,22,0,13,14,3,interval
95,Y,8,4,7.9,0,0,1,12.2,0,46,0,13,14,3,interval
95,Y,8,5,8.3,239,0,1,12.6,0,79,239,13,14,3,interval
95,Y,8,6,8.3,149,0,1,12.8,0,138,388,13,14,3,interval
95,Y,8,7,8.4,132,0,1,12.9,0,250,520,13,14,3,interval
95,Y,8,8,8.4,41,0,1,13.2,0,304,561,13,14,3,interval
95,Y,8,9,8.4,50,0,1,13.4,0,383,611,13,14,3,interval
95,Y,8,10,8.4,316,0,1,13.8,0,481,927,13,14,3,interval
95,Y,8,11,8.5,76,0,1,14.1,0,571,1003,13,14,3,interval
95,Y,8,12,8.6,257,1,1,14.6,0,652,1260,13,14,3,interval
95,Y,8,13,8.7,0,0,1,14.7,0,718,1260,13,14,3,interval
95,Y,8,14,,,,0,,,,,13,14,3,interval
95,Y,8,15,,,,0,,,,,13,14,3,interval
103,Y,13.5,0,4.1,0,0,1,13.5,0,0,0,9,10,3,interval
103,Y,13.5,1,4.6,0,0,1,13.5,0,0,0,9,10,3,interval
103,Y,13.5,2,5.9,0,0,1,13.7,0,0,0,9,10,3,interval
103,Y,13.5,3,6.9,0,0,1,14.1,0,29,0,9,10,3,interval
103,Y,13.5,4,7.1,0,0,1,14.1,0,29,0,9,10,3,interval
103,Y,13.5,5,7.1,85,0,1,14.2,0,118,85,9,10,3,interval
103,Y,13.5,6,7.1,32,0,1,14.6,0,165,117,9,10,3,interval
103,Y,13.5,7,6.8,42,0,1,14.8,0,280,159,9,10,3,interval
103,Y,13.5,8,7.3,38,0,1,15,0,406,197,9,10,3,interval
103,Y,13.5,9,7.3,55,1,1,15,0,406,252,9,10,3,interval
103,Y,13.5,10,,,,0,,,,,9,10,3,interval
103,Y,13.5,11,,,,0,,,,,9,10,3,interval
103,Y,13.5,12,,,,0,,,,,9,10,3,interval
103,Y,13.5,13,,,,0,,,,,9,10,3,interval
103,Y,13.5,14,,,,0,,,,,9,10,3,interval
103,Y,13.5,15,,,,0,,,,,9,10,3,interval
105,Y,13.5,0,4.3,0,0,1,14.8,0,0,0,15,16,0,interval
105,Y,13.5,1,5.3,0,0,1,15.2,0,52,0,15,16,0,interval
105,Y,13.5,2,6.7,0,0,1,15.7,0,222,0,15,16,0,interval
105,Y,13.5,3,8,0,0,1,15.9,0,421,0,15,16,0,interval
105,Y,13.5,4,8.3,0,0,1,16,0,421,0,15,16,0,interval
105,Y,13.5,5,8.5,451,0,1,16.1,0,466,451,15,16,0,interval
105,Y,13.5,6,8.6,295,0,1,16.1,0,466,746,15,16,0,interval
105,Y,13.5,7,8.6,142,0,1,15.7,0,499,888,15,16,0,interval
105,Y,13.5,8,8.7,38,0,1,16.5,0,553,926,15,16,0,interval
105,Y,13.5,9,8.7,36,0,1,16.5,0,553,962,15,16,0,interval
105,Y,13.5,10,8.8,31,0,1,16.9,0,553,993,15,16,0,interval
105,Y,13.5,11,8.6,104,0,1,17,0,555,1097,15,16,0,interval
105,Y,13.5,12,8.8,76,0,1,17.2,0,558,1173,15,16,0,interval
105,Y,13.5,13,8.7,38,0,1,17.4,0,564,1211,15,16,0,interval
105,Y,13.5,14,8.7,111,0,1,17.6,0,564,1322,15,16,0,interval
105,Y,13.5,15,8.7,142,1,1,17.8,0,564,1464,15,16,0,interval
106,Y,13.5,0,3.9,0,0,1,14.8,0,0,0,9,10,3,interval
106,Y,13.5,1,5,0,0,1,14.8,0,0,0,9,10,3,interval
106,Y,13.5,2,6.3,0,0,1,14.8,0,96,0,9,10,3,interval
106,Y,13.5,3,7.7,0,0,1,14.9,0,155,0,9,10,3,interval
106,Y,13.5,4,8.2,0,0,1,14.9,0,216,0,9,10,3,interval
106,Y,13.5,5,8.6,208,0,1,15.2,0,303,208,9,10,3,interval
106,Y,13.5,6,8.9,392,0,1,14.9,0,361,600,9,10,3,interval
106,Y,13.5,7,9.5,378,0,1,15.1,0,410,978,9,10,3,interval
106,Y,13.5,8,9.8,586,0,1,15.1,0,531,1564,9,10,3,interval
106,Y,13.5,9,10,468,1,1,14.9,0,563,2032,9,10,3,interval
106,Y,13.5,10,10,,,0,15,0,569,,9,10,3,interval
106,Y,13.5,11,,,,0,,,,,9,10,3,interval
106,Y,13.5,12,,,,0,,,,,9,10,3,interval
106,Y,13.5,13,,,,0,,,,,9,10,3,interval
106,Y,13.5,14,,,,0,,,,,9,10,3,interval
106,Y,13.5,15,,,,0,,,,,9,10,3,interval
107,Y,13.5,0,3.8,0,0,1,13.5,0,0,0,15,16,0,interval
107,Y,13.5,1,4.4,0,0,1,13.7,0,0,0,15,16,0,interval
107,Y,13.5,2,5.6,0,0,1,14.1,0,74,0,15,16,0,interval
107,Y,13.5,3,6.3,0,0,1,14.2,0,261,0,15,16,0,interval
107,Y,13.5,4,6.5,5,0,1,14.4,0,375,5,15,16,0,interval
107,Y,13.5,5,6.6,135,0,1,14.5,0,450,140,15,16,0,interval
107,Y,13.5,6,6.7,3,0,1,14.5,0,564,143,15,16,0,interval
107,Y,13.5,7,6.9,142,0,1,14.5,0,631,285,15,16,0,interval
107,Y,13.5,8,7,41,0,1,14.8,0,654,326,15,16,0,interval
107,Y,13.5,9,7.1,226,0,1,14.8,0,679,552,15,16,0,interval
107,Y,13.5,10,7.3,104,0,1,15.2,0,684,656,15,16,0,interval
107,Y,13.5,11,7.2,66,0,1,15,0,688,722,15,16,0,interval
107,Y,13.5,12,7.5,104,0,1,15.5,0,694,826,15,16,0,interval
107,Y,13.5,13,7.6,89,0,1,15.5,0,699,915,15,16,0,interval
107,Y,13.5,14,7.7,139,0,1,15.7,0,702,1054,15,16,0,interval
107,Y,13.5,15,7.9,42,1,1,15.9,0,711,1096,15,16,0,interval
108,Y,13.5,0,4,0,0,1,12.8,0,0,0,9,10,3,interval
108,Y,13.5,1,5.4,0,0,1,12.9,0,0,0,9,10,3,interval
108,Y,13.5,2,7.2,0,0,1,13.1,0,0,0,9,10,3,interval
108,Y,13.5,3,8.6,0,0,1,13.8,0,0,0,9,10,3,interval
108,Y,13.5,4,9.8,1,0,1,13.9,0,0,1,9,10,3,interval
108,Y,13.5,5,10.3,4,0,1,14,0,19,5,9,10,3,interval
108,Y,13.5,6,10.7,36,0,1,14.1,0,57,41,9,10,3,interval
108,Y,13.5,7,10.9,102,0,1,14,0,78,143,9,10,3,interval
108,Y,13.5,8,11.3,39,0,1,14.2,0,114,182,9,10,3,interval
108,Y,13.5,9,11.4,93,1,1,14.2,0,155,275,9,10,3,interval
108,Y,13.5,10,11.4,,,0,14.5,0,155,,9,10,3,interval
108,Y,13.5,11,,,,0,,,,,9,10,3,interval
108,Y,13.5,12,,,,0,,,,,9,10,3,interval
108,Y,13.5,13,,,,0,,,,,9,10,3,interval
108,Y,13.5,14,,,,0,,,,,9,10,3,interval
108,Y,13.5,15,,,,0,,,,,9,10,3,interval
109,Y,13.5,0,4.2,0,0,1,14,0,0,0,12,13,3,interval
109,Y,13.5,1,4.7,0,0,1,14.1,0,0,0,12,13,3,interval
109,Y,13.5,2,5.7,0,0,1,14.6,0,21,0,12,13,3,interval
109,Y,13.5,3,6.5,0,0,1,14.7,0,104,0,12,13,3,interval
109,Y,13.5,4,6.8,0,0,1,15,0,218,0,12,13,3,interval
109,Y,13.5,5,6.9,83,0,1,15.1,0,327,83,12,13,3,interval
109,Y,13.5,6,6.7,146,0,1,15,0,327,229,12,13,3,interval
109,Y,13.5,7,6.7,35,0,1,15.4,0,359,264,12,13,3,interval
109,Y,13.5,8,6.8,20,0,1,15.7,0,359,284,12,13,3,interval
109,Y,13.5,9,7,28,0,1,15.8,0,365,312,12,13,3,interval
109,Y,13.5,10,7,24,0,1,16.4,0,365,336,12,13,3,interval
109,Y,13.5,11,6.8,24,0,1,16.7,0,365,360,12,13,3,interval
109,Y,13.5,12,6.8,1,1,1,17,0,365,361,12,13,3,interval
109,Y,13.5,13,,,,0,,,,,12,13,3,interval
109,Y,13.5,14,,,,0,,,,,12,13,3,interval
109,Y,13.5,15,,,,0,,,,,12,13,3,interval
111,Y,13.5,0,4.4,0,0,1,14.3,0,0,0,6,7,3,interval
111,Y,13.5,1,4.5,0,0,1,14.3,0,0,0,6,7,3,interval
111,Y,13.5,2,4.8,0,0,1,14.5,0,24,0,6,7,3,interval
111,Y,13.5,3,5.3,0,0,1,14.6,0,185,0,6,7,3,interval
111,Y,13.5,4,5.4,0,0,1,14.8,0,311,0,6,7,3,interval
111,Y,13.5,5,5.5,59,0,1,15,0,422,59,6,7,3,interval
111,Y,13.5,6,5.4,1,1,1,14.9,0,533,60,6,7,3,interval
111,Y,13.5,7,,,,0,,,,,6,7,3,interval
111,Y,13.5,8,,,,0,,,,,6,7,3,interval
111,Y,13.5,9,,,,0,,,,,6,7,3,interval
111,Y,13.5,10,,,,0,,,,,6,7,3,interval
111,Y,13.5,11,,,,0,,,,,6,7,3,interval
111,Y,13.5,12,,,,0,,,,,6,7,3,interval
111,Y,13.5,13,,,,0,,,,,6,7,3,interval
111,Y,13.5,14,,,,0,,,,,6,7,3,interval
111,Y,13.5,15,,,,0,,,,,6,7,3,interval
113,Y,13.5,0,3.8,0,0,1,12.5,0,0,0,15,16,0,interval
113,Y,13.5,1,4.4,0,0,1,12.7,0,0,0,15,16,0,interval
113,Y,13.5,2,5.9,0,0,1,13.1,0,0,0,15,16,0,interval
113,Y,13.5,3,7.1,0,0,1,13.9,0,19,0,15,16,0,interval
113,Y,13.5,4,7.9,0,0,1,13.9,0,75,0,15,16,0,interval
113,Y,13.5,5,8.7,1,0,1,14,0,132,1,15,16,0,interval
113,Y,13.5,6,8.9,12,0,1,14.1,0,132,13,15,16,0,interval
113,Y,13.5,7,9.7,37,0,1,14.1,0,132,50,15,16,0,interval
113,Y,13.5,8,10,80,0,1,14.2,0,173,130,15,16,0,interval
113,Y,13.5,9,10.1,163,0,1,14.2,0,173,293,15,16,0,interval
113,Y,13.5,10,10.1,139,0,1,14.4,0,173,432,15,16,0,interval
113,Y,13.5,11,10,125,0,1,14.7,0,208,557,15,16,0,interval
113,Y,13.5,12,10.3,167,0,1,14.8,0,208,724,15,16,0,interval
113,Y,13.5,13,10.3,371,0,1,15.1,0,257,1095,15,16,0,interval
113,Y,13.5,14,10.4,579,0,1,15.1,0,289,1674,15,16,0,interval
113,Y,13.5,15,10.5,177,1,1,15.3,0,370,1851,15,16,0,interval
114,Y,13.5,0,3.9,0,0,1,14.3,0,0,0,6,7,3,interval
114,Y,13.5,1,4.8,0,0,1,14.4,0,0,0,6,7,3,interval
114,Y,13.5,2,6.7,0,0,1,14.6,0,0,0,6,7,3,interval
114,Y,13.5,3,7.9,0,0,1,14.7,0,35,0,6,7,3,interval
114,Y,13.5,4,8.3,23,0,1,14.7,0,66,23,6,7,3,interval
114,Y,13.5,5,8.8,309,0,1,14.7,0,163,332,6,7,3,interval
114,Y,13.5,6,8.7,427,1,1,14.7,0,207,759,6,7,3,interval
114,Y,13.5,7,,,,0,,,,,6,7,3,interval
114,Y,13.5,8,,,,0,,,,,6,7,3,interval
114,Y,13.5,9,,,,0,,,,,6,7,3,interval
114,Y,13.5,10,,,,0,,,,,6,7,3,interval
114,Y,13.5,11,,,,0,,,,,6,7,3,interval
114,Y,13.5,12,,,,0,,,,,6,7,3,interval
114,Y,13.5,13,,,,0,,,,,6,7,3,interval
114,Y,13.5,14,,,,0,,,,,6,7,3,interval
114,Y,13.5,15,,,,0,,,,,6,7,3,interval
115,Y,13.5,0,4.4,0,0,1,14.8,0,0,0,7,8,3,interval
115,Y,13.5,1,5.1,0,0,1,14.8,0,0,0,7,8,3,interval
115,Y,13.5,2,6.9,0,0,1,15.2,0,0,0,7,8,3,interval
115,Y,13.5,3,7.5,0,0,1,15.3,0,0,0,7,8,3,interval
115,Y,13.5,4,7.5,0,0,1,15.4,0,96,0,7,8,3,interval
115,Y,13.5,5,7.4,194,0,1,15.5,0,166,194,7,8,3,interval
115,Y,13.5,6,7.4,187,0,1,15.6,0,211,381,7,8,3,interval
115,Y,13.5,7,7.3,36,1,1,15.9,0,367,417,7,8,3,interval
115,Y,13.5,8,,,,0,,,,,7,8,3,interval
115,Y,13.5,9,,,,0,,,,,7,8,3,interval
115,Y,13.5,10,,,,0,,,,,7,8,3,interval
115,Y,13.5,11,,,,0,,,,,7,8,3,interval
115,Y,13.5,12,,,,0,,,,,7,8,3,interval
115,Y,13.5,13,,,,0,,,,,7,8,3,interval
115,Y,13.5,14,,,,0,,,,,7,8,3,interval
115,Y,13.5,15,,,,0,,,,,7,8,3,interval
117,Y,13.5,0,4,0,0,1,14.7,0,0,0,15,16,0,interval
117,Y,13.5,1,4.9,0,0,1,14.7,0,0,0,15,16,0,interval
117,Y,13.5,2,6.9,0,0,1,15,0,0,0,15,16,0,interval
117,Y,13.5,3,8,0,0,1,15.3,0,43,0,15,16,0,interval
117,Y,13.5,4,8.5,5,0,1,15.1,0,145,5,15,16,0,interval
117,Y,13.5,5,8.7,62,0,1,15.3,0,246,67,15,16,0,interval
117,Y,13.5,6,8.7,87,0,1,15.2,0,310,154,15,16,0,interval
117,Y,13.5,7,8.6,142,0,1,15.5,0,412,296,15,16,0,interval
117,Y,13.5,8,9.2,41,0,1,15.6,0,524,337,15,16,0,interval
117,Y,13.5,9,9.3,35,0,1,15.5,0,579,372,15,16,0,interval
117,Y,13.5,10,9.2,180,0,1,15.6,0,702,552,15,16,0,interval
117,Y,13.5,11,9.2,28,0,1,15.7,0,832,580,15,16,0,interval
117,Y,13.5,12,9.5,462,0,1,15.7,0,930,1042,15,16,0,interval
117,Y,13.5,13,9.6,87,0,1,15.9,0,1017,1129,15,16,0,interval
117,Y,13.5,14,9.8,110,0,1,16.1,0,1064,1239,15,16,0,interval
117,Y,13.5,15,9.9,97,1,1,16.2,0,1074,1336,15,16,0,interval
118,Y,13.5,0,4,0,0,1,12.7,0,0,0,6,7,3,interval
118,Y,13.5,1,4.6,0,0,1,12.9,0,0,0,6,7,3,interval
118,Y,13.5,2,6.4,0,0,1,13.2,0,0,0,6,7,3,interval
118,Y,13.5,3,7.6,0,0,1,13.6,0,9,0,6,7,3,interval
118,Y,13.5,4,7.8,1,0,1,13.8,0,120,1,6,7,3,interval
118,Y,13.5,5,7.7,160,0,1,13.9,0,120,161,6,7,3,interval
118,Y,13.5,6,7.6,38,1,1,14.1,0,120,199,6,7,3,interval
118,Y,13.5,7,,,,0,,,,,6,7,3,interval
118,Y,13.5,8,,,,0,,,,,6,7,3,interval
118,Y,13.5,9,,,,0,,,,,6,7,3,interval
118,Y,13.5,10,,,,0,,,,,6,7,3,interval
118,Y,13.5,11,,,,0,,,,,6,7,3,interval
118,Y,13.5,12,,,,0,,,,,6,7,3,interval
118,Y,13.5,13,,,,0,,,,,6,7,3,interval
118,Y,13.5,14,,,,0,,,,,6,7,3,interval
118,Y,13.5,15,,,,0,,,,,6,7,3,interval
120,Y,13.5,0,3.9,0,0,1,12.3,0,0,0,12,13,3,interval
120,Y,13.5,1,4.6,0,0,1,12.5,0,0,0,12,13,3,interval
120,Y,13.5,2,6.2,0,0,1,12.9,0,0,0,12,13,3,interval
120,Y,13.5,3,7.5,0,0,1,13.3,0,0,0,12,13,3,interval
120,Y,13.5,4,7.8,0,0,1,13.4,0,27,0,12,13,3,interval
120,Y,13.5,5,8,271,0,1,13.6,0,27,271,12,13,3,interval
120,Y,13.5,6,8.1,90,0,1,13.9,0,77,361,12,13,3,interval
120,Y,13.5,7,8.2,187,0,1,14.5,0,95,548,12,13,3,interval
120,Y,13.5,8,8.6,76,0,1,14.7,0,118,624,12,13,3,interval
120,Y,13.5,9,8.5,34,0,1,15,0,177,658,12,13,3,interval
120,Y,13.5,10,8.6,312,0,1,15.3,0,200,970,12,13,3,interval
120,Y,13.5,11,8.9,17,0,1,15.4,0,225,987,12,13,3,interval
120,Y,13.5,12,8.9,160,1,1,15.9,0,260,1147,12,13,3,interval
120,Y,13.5,13,8.8,,,0,16.2,0,321,,12,13,3,interval
120,Y,13.5,14,,,,0,,,,,12,13,3,interval
120,Y,13.5,15,,,,0,,,,,12,13,3,interval
126,Y,18,0,4.2,0,0,1,17.8,0,0,0,15,16,0,interval
126,Y,18,1,4.5,0,0,1,17.7,0,0,0,15,16,0,interval
126,Y,18,2,5.3,0,0,1,17.9,0,37,0,15,16,0,interval
126,Y,18,3,6.2,0,0,1,17.9,0,82,0,15,16,0,interval
126,Y,18,4,6.6,0,0,1,18,0,183,0,15,16,0,interval
126,Y,18,5,6.6,59,0,1,17.8,0,283,59,15,16,0,interval
126,Y,18,6,6.8,45,0,1,17.9,0,391,104,15,16,0,interval
126,Y,18,7,7.1,20,0,1,18,0,449,124,15,16,0,interval
126,Y,18,8,7.2,39,0,1,18,0,517,163,15,16,0,interval
126,Y,18,9,7.4,24,0,1,18,0,580,187,15,16,0,interval
126,Y,18,10,7.7,70,0,1,18.3,0,580,257,15,16,0,interval
126,Y,18,11,7.6,90,0,1,17.7,0,679,347,15,16,0,interval
126,Y,18,12,8.1,73,0,1,17.8,0,750,420,15,16,0,interval
126,Y,18,13,8.2,35,0,1,18,0,790,455,15,16,0,interval
126,Y,18,14,8.3,69,0,1,18,0,808,524,15,16,0,interval
126,Y,18,15,8.8,56,1,1,18,0,828,580,15,16,0,interval
127,Y,18,0,3.6,0,0,1,16,0,0,0,11,12,3,interval
127,Y,18,1,4.8,0,0,1,16,0,0,0,11,12,3,interval
127,Y,18,2,6.4,0,0,1,16.2,0,0,0,11,12,3,interval
127,Y,18,3,7.4,0,0,1,16.3,0,76,0,11,12,3,interval
127,Y,18,4,7.8,0,0,1,16,0,179,0,11,12,3,interval
127,Y,18,5,7.8,167,0,1,16.1,0,291,167,11,12,3,interval
127,Y,18,6,7.9,125,0,1,16.1,0,426,292,11,12,3,interval
127,Y,18,7,7.9,47,0,1,16.1,0,555,339,11,12,3,interval
127,Y,18,8,7.8,35,0,1,16.1,0,626,374,11,12,3,interval
127,Y,18,9,8.1,17,0,1,16.2,0,694,391,11,12,3,interval
127,Y,18,10,8,38,0,1,16.2,0,830,429,11,12,3,interval
127,Y,18,11,7.9,142,1,1,16,0,930,571,11,12,3,interval
127,Y,18,12,8,,,0,16.1,0,962,,11,12,3,interval
127,Y,18,13,,,,0,,,,,11,12,3,interval
127,Y,18,14,,,,0,,,,,11,12,3,interval
127,Y,18,15,,,,0,,,,,11,12,3,interval
128,Y,18,0,3.8,0,0,1,16.4,0,0,0,8,9,3,interval
128,Y,18,1,4.4,0,0,1,16.2,0,0,0,8,9,3,interval
128,Y,18,2,5.9,0,0,1,16.5,0,16,0,8,9,3,interval
128,Y,18,3,6.8,0,0,1,16.5,0,49,0,8,9,3,interval
128,Y,18,4,7,42,0,1,16.5,0,257,42,8,9,3,interval
128,Y,18,5,7.3,44,0,1,16.8,0,353,86,8,9,3,interval
128,Y,18,6,7.1,41,0,1,16.8,0,474,127,8,9,3,interval
128,Y,18,7,6.9,77,0,1,16.4,0,560,204,8,9,3,interval
128,Y,18,8,7.2,33,1,1,16.5,0,627,237,8,9,3,interval
128,Y,18,9,,,,0,,,,,8,9,3,interval
128,Y,18,10,,,,0,,,,,8,9,3,interval
128,Y,18,11,,,,0,,,,,8,9,3,interval
128,Y,18,12,,,,0,,,,,8,9,3,interval
128,Y,18,13,,,,0,,,,,8,9,3,interval
128,Y,18,14,,,,0,,,,,8,9,3,interval
128,Y,18,15,,,,0,,,,,8,9,3,interval
130,Y,18,0,3.5,0,0,1,17.6,0,0,0,8,9,3,interval
130,Y,18,1,4,0,0,1,17.5,0,0,0,8,9,3,interval
130,Y,18,2,5.5,0,0,1,17.7,0,43,0,8,9,3,interval
130,Y,18,3,6.2,0,0,1,17.6,0,43,0,8,9,3,interval
130,Y,18,4,6.5,0,0,1,17.4,0,72,0,8,9,3,interval
130,Y,18,5,7.1,239,0,1,17.8,0,148,239,8,9,3,interval
130,Y,18,6,7.1,361,0,1,17.7,0,148,600,8,9,3,interval
130,Y,18,7,7.1,27,0,1,17.7,0,192,627,8,9,3,interval
130,Y,18,8,7.3,22,1,1,18,0,212,649,8,9,3,interval
130,Y,18,9,,,,0,,,,,8,9,3,interval
130,Y,18,10,,,,0,,,,,8,9,3,interval
130,Y,18,11,,,,0,,,,,8,9,3,interval
130,Y,18,12,,,,0,,,,,8,9,3,interval
130,Y,18,13,,,,0,,,,,8,9,3,interval
130,Y,18,14,,,,0,,,,,8,9,3,interval
130,Y,18,15,,,,0,,,,,8,9,3,interval
131,Y,18,0,3.6,0,0,1,18.5,0,0,0,7,8,3,interval
131,Y,18,1,4.2,0,0,1,18.4,0,0,0,7,8,3,interval
131,Y,18,2,5.3,0,0,1,18.4,0,103,0,7,8,3,interval
131,Y,18,3,5.9,0,0,1,18.5,0,311,0,7,8,3,interval
131,Y,18,4,6,5,0,1,18.4,0,502,5,7,8,3,interval
131,Y,18,5,6.1,149,0,1,18.5,0,620,154,7,8,3,interval
131,Y,18,6,6.2,80,0,1,18.5,0,731,234,7,8,3,interval
131,Y,18,7,6,22,1,1,18.3,0,816,256,7,8,3,interval
131,Y,18,8,,,,0,,,,,7,8,3,interval
131,Y,18,9,,,,0,,,,,7,8,3,interval
131,Y,18,10,,,,0,,,,,7,8,3,interval
131,Y,18,11,,,,0,,,,,7,8,3,interval
131,Y,18,12,,,,0,,,,,7,8,3,interval
131,Y,18,13,,,,0,,,,,7,8,3,interval
131,Y,18,14,,,,0,,,,,7,8,3,interval
131,Y,18,15,,,,0,,,,,7,8,3,interval
132,Y,18,0,3.8,0,0,1,16.5,0,0,0,11,12,3,interval
132,Y,18,1,4.6,0,0,1,16.8,0,0,0,11,12,3,interval
132,Y,18,2,6.4,0,0,1,16.6,0,164,0,11,12,3,interval
132,Y,18,3,7,0,0,1,16.5,0,371,0,11,12,3,interval
132,Y,18,4,7,5,0,1,16.5,0,532,5,11,12,3,interval
132,Y,18,5,7.2,97,0,1,16.6,0,687,102,11,12,3,interval
132,Y,18,6,7.2,66,0,1,16.6,0,740,168,11,12,3,interval
132,Y,18,7,6.9,53,0,1,16.2,0,904,221,11,12,3,interval
132,Y,18,8,7.4,29,0,1,16.9,0,1025,250,11,12,3,interval
132,Y,18,9,7.3,14,0,1,16.8,0,1177,264,11,12,3,interval
132,Y,18,10,7.4,15,0,1,16.7,0,1245,279,11,12,3,interval
132,Y,18,11,7.3,0,1,1,16.5,0,1325,279,11,12,3,interval
132,Y,18,12,7.5,,,0,16.7,0,1344,,11,12,3,interval
132,Y,18,13,,,,0,,,,,11,12,3,interval
132,Y,18,14,,,,0,,,,,11,12,3,interval
132,Y,18,15,,,,0,,,,,11,12,3,interval
133,Y,18,0,3.9,0,0,1,19.7,0,0,0,11,12,3,interval
133,Y,18,1,4,0,0,1,19.7,0,0,0,11,12,3,interval
133,Y,18,2,5.3,0,0,1,19.6,0,206,0,11,12,3,interval
133,Y,18,3,6,0,0,1,19.6,0,453,0,11,12,3,interval
133,Y,18,4,6.1,0,0,1,19.5,0,526,0,11,12,3,interval
133,Y,18,5,6.1,17,0,1,19.7,0,630,17,11,12,3,interval
133,Y,18,6,6.1,18,0,1,19.6,0,681,35,11,12,3,interval
133,Y,18,7,5.9,28,0,1,19.5,0,711,63,11,12,3,interval
133,Y,18,8,6.3,19,0,1,19.6,0,722,82,11,12,3,interval
133,Y,18,9,6.3,5,0,1,19.4,0,722,87,11,12,3,interval
133,Y,18,10,6.3,23,1,1,19.5,0,722,110,11,12,3,interval
133,Y,18,11,6.3,0,0,1,19.6,0,722,110,11,12,3,interval
133,Y,18,12,,,,0,,,,,11,12,3,interval
133,Y,18,13,,,,0,,,,,11,12,3,interval
133,Y,18,14,,,,0,,,,,11,12,3,interval
133,Y,18,15,,,,0,,,,,11,12,3,interval
135,Y,18,0,3.9,0,0,1,16.8,0,0,0,13,14,3,interval
135,Y,18,1,4.5,0,0,1,16.7,0,0,0,13,14,3,interval
135,Y,18,2,5.8,0,0,1,16.9,0,18,0,13,14,3,interval
135,Y,18,3,6.7,0,0,1,17.1,0,77,0,13,14,3,interval
135,Y,18,4,7.5,1,0,1,17,0,170,1,13,14,3,interval
135,Y,18,5,8,0,0,1,17,0,170,1,13,14,3,interval
135,Y,18,6,8.5,4,0,1,16.9,0,170,5,13,14,3,interval
135,Y,18,7,9,1,0,1,17,0,203,6,13,14,3,interval
135,Y,18,8,9.8,0,0,1,17.2,0,203,6,13,14,3,interval
135,Y,18,9,10.1,0,0,1,17,0,203,6,13,14,3,interval
135,Y,18,10,10.5,2,0,1,17.1,0,203,8,13,14,3,interval
135,Y,18,11,10.9,2,0,1,17,0,203,10,13,14,3,interval
135,Y,18,12,11.3,0,0,1,17.3,0,203,10,13,14,3,interval
135,Y,18,13,11.5,0,1,1,17.1,0,203,10,13,14,3,interval
135,Y,18,14,11.8,0,,0,17.5,0,203,,13,14,3,interval
135,Y,18,15,,,,0,,,,,13,14,3,interval
137,Y,18,0,4.5,0,0,1,16.4,0,0,0,8,9,3,interval
137,Y,18,1,5,0,0,1,16.5,0,0,0,8,9,3,interval
137,Y,18,2,6.3,0,0,1,16.6,0,0,0,8,9,3,interval
137,Y,18,3,7.1,0,0,1,16.7,0,109,0,8,9,3,interval
137,Y,18,4,7.4,6,0,1,16.5,0,230,6,8,9,3,interval
137,Y,18,5,7.5,170,0,1,16.7,0,309,176,8,9,3,interval
137,Y,18,6,7.4,101,0,1,16.7,0,342,277,8,9,3,interval
137,Y,18,7,7.5,104,0,1,16.6,0,368,381,8,9,3,interval
137,Y,18,8,7.4,212,1,1,16.8,0,378,593,8,9,3,interval
137,Y,18,9,,,,0,,,,,8,9,3,interval
137,Y,18,10,,,,0,,,,,8,9,3,interval
137,Y,18,11,,,,0,,,,,8,9,3,interval
137,Y,18,12,,,,0,,,,,8,9,3,interval
137,Y,18,13,,,,0,,,,,8,9,3,interval
137,Y,18,14,,,,0,,,,,8,9,3,interval
137,Y,18,15,,,,0,,,,,8,9,3,interval
142,Y,18,0,3.7,0,0,1,15.9,0,0,0,7,8,3,interval
142,Y,18,1,4.6,0,0,1,16,0,32,0,7,8,3,interval
142,Y,18,2,6.3,0,0,1,16.1,0,65,0,7,8,3,interval
142,Y,18,3,7.1,0,0,1,16.3,0,189,0,7,8,3,interval
142,Y,18,4,7.1,4,0,1,16.2,0,300,4,7,8,3,interval
142,Y,18,5,7.2,146,0,1,16.3,0,384,150,7,8,3,interval
142,Y,18,6,7.1,177,0,1,16.1,0,493,327,7,8,3,interval
142,Y,18,7,6.6,142,1,1,16.8,0,558,469,7,8,3,interval
142,Y,18,8,,,,0,,,,,7,8,3,interval
142,Y,18,9,,,,0,,,,,7,8,3,interval
142,Y,18,10,,,,0,,,,,7,8,3,interval
142,Y,18,11,,,,0,,,,,7,8,3,interval
142,Y,18,12,,,,0,,,,,7,8,3,interval
142,Y,18,13,,,,0,,,,,7,8,3,interval
142,Y,18,14,,,,0,,,,,7,8,3,interval
142,Y,18,15,,,,0,,,,,7,8,3,interval
145,Y,18,0,3.7,0,0,1,16.6,0,0,0,6,7,3,interval
145,Y,18,1,4.3,0,0,1,16.8,0,0,0,6,7,3,interval
145,Y,18,2,5.5,0,0,1,16.9,0,0,0,6,7,3,interval
145,Y,18,3,6,0,0,1,17.2,0,90,0,6,7,3,interval
145,Y,18,4,6,2,0,1,17.3,0,274,2,6,7,3,interval
145,Y,18,5,6.2,108,0,1,17.5,0,378,110,6,7,3,interval
145,Y,18,6,6.1,139,1,1,17.4,0,495,249,6,7,3,interval
145,Y,18,7,,,,0,,,,,6,7,3,interval
145,Y,18,8,,,,0,,,,,6,7,3,interval
145,Y,18,9,,,,0,,,,,6,7,3,interval
145,Y,18,10,,,,0,,,,,6,7,3,interval
145,Y,18,11,,,,0,,,,,6,7,3,interval
145,Y,18,12,,,,0,,,,,6,7,3,interval
145,Y,18,13,,,,0,,,,,6,7,3,interval
145,Y,18,14,,,,0,,,,,6,7,3,interval
145,Y,18,15,,,,0,,,,,6,7,3,interval
21,N,0,0,4,0,0,1,,0,0,0,15,16,0,interval
21,N,0,1,6.5,0,0,1,,0,0,0,15,16,0,interval
21,N,0,2,9.5,0,0,1,,0,0,0,15,16,0,interval
21,N,0,3,10.4,0,0,1,,0,0,0,15,16,0,interval
21,N,0,4,11.1,0,0,1,,0,0,0,15,16,0,interval
21,N,0,5,11.7,0,0,1,,0,0,0,15,16,0,interval
21,N,0,6,12.1,0,0,1,,0,0,0,15,16,0,interval
21,N,0,7,12.6,0,0,1,,0,0,0,15,16,0,interval
21,N,0,8,13.2,0,0,1,,0,79,0,15,16,0,interval
21,N,0,9,13.4,0,0,1,,0,87,0,15,16,0,interval
21,N,0,10,13.5,0,0,1,,0,87,0,15,16,0,interval
21,N,0,11,13.7,0,0,1,,0,87,0,15,16,0,interval
21,N,0,12,14.1,0,0,1,,0,87,0,15,16,0,interval
21,N,0,13,14.6,0,0,1,,0,87,0,15,16,0,interval
21,N,0,14,14.8,0,0,1,,0,87,0,15,16,0,interval
21,N,0,15,15.2,0,1,1,,0,87,0,15,16,0,interval
22,N,0,0,4.1,0,0,1,,0,0,0,15,16,0,interval
22,N,0,1,6.8,0,0,1,,0,0,0,15,16,0,interval
22,N,0,2,9.9,0,0,1,,0,0,0,15,16,0,interval
22,N,0,3,11.2,0,0,1,,0,0,0,15,16,0,interval
22,N,0,4,11.9,0,0,1,,0,0,0,15,16,0,interval
22,N,0,5,12.8,0,0,1,,0,104,0,15,16,0,interval
22,N,0,6,13.2,0,0,1,,0,186,0,15,16,0,interval
22,N,0,7,13.6,0,0,1,,0,186,0,15,16,0,interval
22,N,0,8,14,0,0,1,,0,305,0,15,16,0,interval
22,N,0,9,14.2,0,0,1,,0,305,0,15,16,0,interval
22,N,0,10,14.7,0,0,1,,0,305,0,15,16,0,interval
22,N,0,11,14.8,0,0,1,,0,305,0,15,16,0,interval
22,N,0,12,15.2,0,0,1,,0,305,0,15,16,0,interval
22,N,0,13,15.9,0,0,1,,0,305,0,15,16,0,interval
22,N,0,14,16.3,0,0,1,,0,305,0,15,16,0,interval
22,N,0,15,16.7,0,1,1,,0,345,0,15,16,0,interval
23,N,0,0,3.5,0,0,1,,0,0,0,15,16,0,interval
23,N,0,1,6.6,0,0,1,,0,0,0,15,16,0,interval
23,N,0,2,9.7,0,0,1,,0,0,0,15,16,0,interval
23,N,0,3,10.8,0,0,1,,0,0,0,15,16,0,interval
23,N,0,4,11.5,0,0,1,,0,55,0,15,16,0,interval
23,N,0,5,12.3,0,0,1,,0,55,0,15,16,0,interval
23,N,0,6,12.8,0,0,1,,0,55,0,15,16,0,interval
23,N,0,7,13.3,0,0,1,,0,55,0,15,16,0,interval
23,N,0,8,13.9,0,0,1,,0,55,0,15,16,0,interval
23,N,0,9,14.1,0,0,1,,0,55,0,15,16,0,interval
23,N,0,10,14.4,0,0,1,,0,55,0,15,16,0,interval
23,N,0,11,14.5,0,0,1,,0,71,0,15,16,0,interval
23,N,0,12,15.1,0,0,1,,0,71,0,15,16,0,interval
23,N,0,13,15.4,0,0,1,,0,71,0,15,16,0,interval
23,N,0,14,15.5,0,0,1,,0,169,0,15,16,0,interval
23,N,0,15,15.6,0,1,1,,0,169,0,15,16,0,interval
24,N,0,0,3.8,0,0,1,,0,0,0,3,4,3,interval
24,N,0,1,7,0,0,1,,0,0,0,3,4,3,interval
24,N,0,2,9.2,0,0,1,,0,0,0,3,4,3,interval
24,N,0,3,9.2,0,1,1,,0,0,0,3,4,3,interval
24,N,0,4,9,,,0,,,0,,3,4,3,interval
24,N,0,5,,,,0,,,,,3,4,3,interval
24,N,0,6,,,,0,,,,,3,4,3,interval
24,N,0,7,,,,0,,,,,3,4,3,interval
24,N,0,8,,,,0,,,,,3,4,3,interval
24,N,0,9,,,,0,,,,,3,4,3,interval
24,N,0,10,,,,0,,,,,3,4,3,interval
24,N,0,11,,,,0,,,,,3,4,3,interval
24,N,0,12,,,,0,,,,,3,4,3,interval
24,N,0,13,,,,0,,,,,3,4,3,interval
24,N,0,14,,,,0,,,,,3,4,3,interval
24,N,0,15,,,,0,,,,,3,4,3,interval
25,N,0,0,3.9,0,0,1,,0,0,0,15,16,0,interval
25,N,0,1,6.3,0,0,1,,0,0,0,15,16,0,interval
25,N,0,2,9.3,0,0,1,,0,0,0,15,16,0,interval
25,N,0,3,10.9,0,0,1,,0,0,0,15,16,0,interval
25,N,0,4,11.5,0,0,1,,0,0,0,15,16,0,interval
25,N,0,5,12,0,0,1,,0,26,0,15,16,0,interval
25,N,0,6,12.4,0,0,1,,0,57,0,15,16,0,interval
25,N,0,7,12.7,0,0,1,,0,57,0,15,16,0,interval
25,N,0,8,13.1,0,0,1,,0,98,0,15,16,0,interval
25,N,0,9,13.3,0,0,1,,0,137,0,15,16,0,interval
25,N,0,10,13.7,0,0,1,,0,137,0,15,16,0,interval
25,N,0,11,13.8,0,0,1,,0,166,0,15,16,0,interval
25,N,0,12,14.4,0,0,1,,0,183,0,15,16,0,interval
25,N,0,13,14.6,0,0,1,,0,201,0,15,16,0,interval
25,N,0,14,15,0,0,1,,0,249,0,15,16,0,interval
25,N,0,15,15.5,0,1,1,,0,264,0,15,16,0,interval
46,N,2,0,3.5,0,0,1,2.3,0,0,0,15,16,0,interval
46,N,2,1,6.3,0,0,1,5.8,0,0,0,15,16,0,interval
46,N,2,2,8.2,0,0,1,7.7,0,0,0,15,16,0,interval
46,N,2,3,8.6,0,0,1,8.6,0,0,0,15,16,0,interval
46,N,2,4,8.9,0,0,1,9.3,0,0,0,15,16,0,interval
46,N,2,5,9.2,0,0,1,9.7,0,22,0,15,16,0,interval
46,N,2,6,9.4,0,0,1,10.3,0,22,0,15,16,0,interval
46,N,2,7,9.5,0,0,1,10.7,0,22,0,15,16,0,interval
46,N,2,8,9.8,0,0,1,11.2,0,24,0,15,16,0,interval
46,N,2,9,10,0,0,1,11.4,0,43,0,15,16,0,interval
46,N,2,10,10.2,0,0,1,11.8,0,43,0,15,16,0,interval
46,N,2,11,10.2,0,0,1,12.3,0,104,0,15,16,0,interval
46,N,2,12,10.5,0,0,1,12.8,0,125,0,15,16,0,interval
46,N,2,13,10.5,0,0,1,12.9,0,145,0,15,16,0,interval
46,N,2,14,10.7,0,0,1,13.2,0,177,0,15,16,0,interval
46,N,2,15,10.7,0,1,1,13.3,0,216,0,15,16,0,interval
47,N,2,0,3.8,0,0,1,2.2,0,0,0,15,16,0,interval
47,N,2,1,6.3,0,0,1,4.8,0,0,0,15,16,0,interval
47,N,2,2,8.1,0,0,1,6.3,0,0,0,15,16,0,interval
47,N,2,3,9,0,0,1,7.4,0,0,0,15,16,0,interval
47,N,2,4,9.5,0,0,1,8.1,0,0,0,15,16,0,interval
47,N,2,5,10.1,0,0,1,8.8,0,0,0,15,16,0,interval
47,N,2,6,10.4,0,0,1,9.3,0,16,0,15,16,0,interval
47,N,2,7,10.8,0,0,1,10,0,16,0,15,16,0,interval
47,N,2,8,11.3,0,0,1,10.7,0,16,0,15,16,0,interval
47,N,2,9,11.5,0,0,1,11,0,16,0,15,16,0,interval
47,N,2,10,11.7,0,0,1,11.6,0,16,0,15,16,0,interval
47,N,2,11,11.9,0,0,1,11.8,0,35,0,15,16,0,interval
47,N,2,12,12.2,0,0,1,12.3,0,59,0,15,16,0,interval
47,N,2,13,12.3,0,0,1,12.5,0,59,0,15,16,0,interval
47,N,2,14,12.4,0,0,1,12.7,0,75,0,15,16,0,interval
47,N,2,15,12.8,0,1,1,13,0,75,0,15,16,0,interval
48,N,2,0,4.4,0,0,1,2.3,0,0,0,15,16,0,interval
48,N,2,1,6.9,0,0,1,4.9,0,0,0,15,16,0,interval
48,N,2,2,8.9,0,0,1,6,0,0,0,15,16,0,interval
48,N,2,3,9.6,0,0,1,6.7,0,0,0,15,16,0,interval
48,N,2,4,10.5,0,0,1,8.2,0,0,0,15,16,0,interval
48,N,2,5,11.1,0,0,1,8.6,0,17,0,15,16,0,interval
48,N,2,6,11.5,0,0,1,9.2,0,82,0,15,16,0,interval
48,N,2,7,11.5,0,0,1,9.7,0,166,0,15,16,0,interval
48,N,2,8,12,0,0,1,10.5,0,187,0,15,16,0,interval
48,N,2,9,12.1,0,0,1,10.9,0,200,0,15,16,0,interval
48,N,2,10,12.4,0,0,1,10.9,0,246,0,15,16,0,interval
48,N,2,11,12.4,0,0,1,11.1,0,271,0,15,16,0,interval
48,N,2,12,12.7,0,0,1,11.9,0,312,0,15,16,0,interval
48,N,2,13,12.8,0,0,1,12.2,0,396,0,15,16,0,interval
48,N,2,14,13,0,0,1,12.2,0,444,0,15,16,0,interval
48,N,2,15,13.3,0,1,1,12.6,0,510,0,15,16,0,interval
49,N,2,0,4.4,0,0,1,2.5,0,0,0,15,16,0,interval
49,N,2,1,7.1,0,0,1,4.9,0,0,0,15,16,0,interval
49,N,2,2,9,0,0,1,6.8,0,0,0,15,16,0,interval
49,N,2,3,9.7,0,0,1,7.3,0,0,0,15,16,0,interval
49,N,2,4,9.9,0,0,1,8.3,0,0,0,15,16,0,interval
49,N,2,5,10.2,0,0,1,8.4,0,0,0,15,16,0,interval
49,N,2,6,10.5,0,0,1,8.8,0,42,0,15,16,0,interval
49,N,2,7,10.7,0,0,1,9.3,0,86,0,15,16,0,interval
49,N,2,8,11.2,0,0,1,9.7,0,107,0,15,16,0,interval
49,N,2,9,11.2,0,0,1,9.9,0,130,0,15,16,0,interval
49,N,2,10,11.6,0,0,1,10.3,0,151,0,15,16,0,interval
49,N,2,11,11.6,0,0,1,10.6,0,175,0,15,16,0,interval
49,N,2,12,11.9,0,0,1,10.9,0,194,0,15,16,0,interval
49,N,2,13,12,0,0,1,11.3,0,229,0,15,16,0,interval
49,N,2,14,12.3,0,0,1,11.4,0,279,0,15,16,0,interval
49,N,2,15,12.5,0,1,1,11.6,0,350,0,15,16,0,interval
50,N,2,0,3.6,0,0,1,2,0,0,0,15,16,0,interval
50,N,2,1,6.7,0,0,1,4.6,0,0,0,15,16,0,interval
50,N,2,2,9,0,0,1,6.4,0,0,0,15,16,0,interval
50,N,2,3,9.6,0,0,1,7.5,0,0,0,15,16,0,interval
50,N,2,4,10.2,0,0,1,8.1,0,0,0,15,16,0,interval
50,N,2,5,10.6,0,0,1,9,0,16,0,15,16,0,interval
50,N,2,6,10.9,0,0,1,9.6,0,30,0,15,16,0,interval
50,N,2,7,11,0,0,1,10.1,0,52,0,15,16,0,interval
50,N,2,8,11.3,0,0,1,10.5,0,86,0,15,16,0,interval
50,N,2,9,11.4,0,0,1,11,0,133,0,15,16,0,interval
50,N,2,10,11.9,0,0,1,11.5,0,184,0,15,16,0,interval
50,N,2,11,12,0,0,1,11.7,0,233,0,15,16,0,interval
50,N,2,12,12.2,0,0,1,12.1,0,295,0,15,16,0,interval
50,N,2,13,12.6,0,0,1,12.5,0,353,0,15,16,0,interval
50,N,2,14,12.7,0,0,1,12.8,0,396,0,15,16,0,interval
50,N,2,15,12.7,0,1,1,13,0,447,0,15,16,0,interval
71,N,4,0,4.1,0,0,1,4.5,0,0,0,15,16,0,interval
71,N,4,1,6.8,0,0,1,6.9,0,0,0,15,16,0,interval
71,N,4,2,8.8,0,0,1,8.3,0,0,0,15,16,0,interval
71,N,4,3,9.5,0,0,1,9,0,0,0,15,16,0,interval
71,N,4,4,10.1,0,0,1,9.4,0,16,0,15,16,0,interval
71,N,4,5,10.4,0,0,1,9.9,0,42,0,15,16,0,interval
71,N,4,6,10.9,0,0,1,10.4,0,60,0,15,16,0,interval
71,N,4,7,11.6,0,0,1,10.5,0,104,0,15,16,0,interval
71,N,4,8,12.1,0,0,1,10.7,0,104,0,15,16,0,interval
71,N,4,9,12.4,0,0,1,10.9,0,104,0,15,16,0,interval
71,N,4,10,12.7,0,0,1,11.1,0,121,0,15,16,0,interval
71,N,4,11,13.1,0,0,1,11.1,0,121,0,15,16,0,interval
71,N,4,12,13.4,0,0,1,11.9,0,194,0,15,16,0,interval
71,N,4,13,13.7,0,0,1,11.8,0,194,0,15,16,0,interval
71,N,4,14,14.1,0,0,1,12.1,0,277,0,15,16,0,interval
71,N,4,15,14.1,0,1,1,12.2,0,362,0,15,16,0,interval
72,N,4,0,3.8,0,0,1,3.8,0,0,0,15,16,0,interval
72,N,4,1,6.8,0,0,1,4.3,0,0,0,15,16,0,interval
72,N,4,2,9.3,0,0,1,4.4,0,0,0,15,16,0,interval
72,N,4,3,10.8,0,0,1,4.5,0,0,0,15,16,0,interval
72,N,4,4,11.6,0,0,1,4.2,1,0,0,15,16,0,interval
72,N,4,5,12.1,0,0,1,5.4,0,0,0,15,16,0,interval
72,N,4,6,12.2,0,0,1,6.3,0,0,0,15,16,0,interval
72,N,4,7,12.3,0,0,1,7.2,0,0,0,15,16,0,interval
72,N,4,8,12.7,0,0,1,8.3,0,0,0,15,16,0,interval
72,N,4,9,12.8,0,0,1,8.5,0,0,0,15,16,0,interval
72,N,4,10,13.3,0,0,1,9,0,0,0,15,16,0,interval
72,N,4,11,13.2,0,0,1,9.5,0,0,0,15,16,0,interval
72,N,4,12,13.5,0,0,1,10,0,0,0,15,16,0,interval
72,N,4,13,13.8,0,0,1,10.4,0,0,0,15,16,0,interval
72,N,4,14,13.9,0,0,1,10.6,0,20,0,15,16,0,interval
72,N,4,15,14.3,0,1,1,11,0,61,0,15,16,0,interval
73,N,4,0,3.5,0,0,1,3.8,0,0,0,15,16,0,interval
73,N,4,1,6.9,0,0,1,4.3,1,0,0,15,16,0,interval
73,N,4,2,9.9,0,0,1,4.8,0,0,0,15,16,0,interval
73,N,4,3,10.8,0,0,1,6.3,0,0,0,15,16,0,interval
73,N,4,4,11.5,0,0,1,6.8,0,0,0,15,16,0,interval
73,N,4,5,11.8,0,0,1,7.4,0,0,0,15,16,0,interval
73,N,4,6,11.9,0,0,1,7.9,0,0,0,15,16,0,interval
73,N,4,7,12.2,0,0,1,8.6,0,0,0,15,16,0,interval
73,N,4,8,12.7,0,0,1,9,0,7,0,15,16,0,interval
73,N,4,9,12.7,0,0,1,9.4,0,19,0,15,16,0,interval
73,N,4,10,12.9,0,0,1,9.8,0,28,0,15,16,0,interval
73,N,4,11,12.9,0,0,1,10.2,0,71,0,15,16,0,interval
73,N,4,12,13.2,0,0,1,10.5,0,94,0,15,16,0,interval
73,N,4,13,13.4,0,0,1,11.2,0,104,0,15,16,0,interval
73,N,4,14,13.4,0,0,1,11.3,0,154,0,15,16,0,interval
73,N,4,15,13.9,0,1,1,11.6,0,260,0,15,16,0,interval
74,N,4,0,4.4,0,0,1,3.7,0,0,0,15,16,0,interval
74,N,4,1,7.1,0,0,1,6.3,0,0,0,15,16,0,interval
74,N,4,2,8.5,0,0,1,7.9,0,0,0,15,16,0,interval
74,N,4,3,9.2,0,0,1,8.8,0,0,0,15,16,0,interval
74,N,4,4,9.8,0,0,1,9.3,0,11,0,15,16,0,interval
74,N,4,5,10.2,0,0,1,9.5,0,41,0,15,16,0,interval
74,N,4,6,10.7,0,0,1,9.9,0,54,0,15,16,0,interval
74,N,4,7,10.9,0,0,1,10.3,0,76,0,15,16,0,interval
74,N,4,8,11.2,0,0,1,11,0,76,0,15,16,0,interval
74,N,4,9,11.3,0,0,1,11.3,0,101,0,15,16,0,interval
74,N,4,10,11.3,0,0,1,11.6,0,101,0,15,16,0,interval
74,N,4,11,11.5,0,0,1,11.8,0,122,0,15,16,0,interval
74,N,4,12,11.9,0,0,1,12.3,0,140,0,15,16,0,interval
74,N,4,13,12.1,0,0,1,12.5,0,163,0,15,16,0,interval
74,N,4,14,12.3,0,0,1,12.7,0,163,0,15,16,0,interval
74,N,4,15,12.4,0,1,1,13,0,163,0,15,16,0,interval
75,N,4,0,3.5,0,0,1,3.9,0,0,0,15,16,0,interval
75,N,4,1,6.9,0,0,1,4.5,0,0,0,15,16,0,interval
75,N,4,2,9.5,0,0,1,4.6,1,0,0,15,16,0,interval
75,N,4,3,10.9,0,0,1,5.3,0,0,0,15,16,0,interval
75,N,4,4,11.4,0,0,1,6.5,0,0,0,15,16,0,interval
75,N,4,5,11.7,0,0,1,6.9,0,0,0,15,16,0,interval
75,N,4,6,11.7,0,0,1,7.4,0,0,0,15,16,0,interval
75,N,4,7,11.9,0,0,1,8,0,61,0,15,16,0,interval
75,N,4,8,12.3,0,0,1,8.5,0,93,0,15,16,0,interval
75,N,4,9,12.5,0,0,1,9.1,0,123,0,15,16,0,interval
75,N,4,10,12.8,0,0,1,9.3,0,149,0,15,16,0,interval
75,N,4,11,12.8,0,0,1,9.6,0,210,0,15,16,0,interval
75,N,4,12,13.3,0,0,1,10,0,210,0,15,16,0,interval
75,N,4,13,13.5,0,0,1,10.3,0,301,0,15,16,0,interval
75,N,4,14,13.7,0,0,1,10.4,0,301,0,15,16,0,interval
75,N,4,15,13.9,0,1,1,10.6,0,397,0,15,16,0,interval
96,N,8,0,3.9,0,0,1,8.2,0,0,0,10,11,3,interval
96,N,8,1,4.2,0,0,1,9.1,0,0,0,10,11,3,interval
96,N,8,2,5.2,0,0,1,10.9,0,0,0,10,11,3,interval
96,N,8,3,6.1,0,0,1,11.8,0,0,0,10,11,3,interval
96,N,8,4,6,0,0,1,12.4,0,40,0,10,11,3,interval
96,N,8,5,6.1,0,0,1,12.9,0,144,0,10,11,3,interval
96,N,8,6,6,0,0,1,12.9,0,212,0,10,11,3,interval
96,N,8,7,6.1,0,0,1,13.4,0,310,0,10,11,3,interval
96,N,8,8,6,0,0,1,13.7,0,357,0,10,11,3,interval
96,N,8,9,6.1,0,1,1,14,0,461,0,10,11,3,interval
96,N,8,10,6,0,0,1,14.2,0,502,0,10,11,3,interval
96,N,8,11,,,,0,,,,,10,11,3,interval
96,N,8,12,,,,0,,,,,10,11,3,interval
96,N,8,13,,,,0,,,,,10,11,3,interval
96,N,8,14,,,,0,,,,,10,11,3,interval
96,N,8,15,,,,0,,,,,10,11,3,interval
97,N,8,0,3.6,0,0,1,8.1,0,0,0,15,16,0,interval
97,N,8,1,5.4,0,0,1,9.2,0,0,0,15,16,0,interval
97,N,8,2,7,0,0,1,10.3,0,0,0,15,16,0,interval
97,N,8,3,8.1,0,0,1,10.9,0,0,0,15,16,0,interval
97,N,8,4,8.8,0,0,1,11.4,0,28,0,15,16,0,interval
97,N,8,5,9.3,0,0,1,11.7,0,55,0,15,16,0,interval
97,N,8,6,9.7,0,0,1,11.7,0,72,0,15,16,0,interval
97,N,8,7,10,0,0,1,11.7,0,97,0,15,16,0,interval
97,N,8,8,10.9,0,0,1,12.1,0,167,0,15,16,0,interval
97,N,8,9,11,0,0,1,12,0,167,0,15,16,0,interval
97,N,8,10,11.3,0,0,1,12.2,0,190,0,15,16,0,interval
97,N,8,11,11.4,0,0,1,12.2,0,268,0,15,16,0,interval
97,N,8,12,11.7,0,0,1,12.5,0,309,0,15,16,0,interval
97,N,8,13,12.2,0,0,1,12.5,0,354,0,15,16,0,interval
97,N,8,14,12.6,0,0,1,12.5,0,418,0,15,16,0,interval
97,N,8,15,12.8,0,1,1,12.7,0,555,0,15,16,0,interval
98,N,8,0,3.7,0,0,1,8.3,0,0,0,15,16,0,interval
98,N,8,1,5.4,0,0,1,9.1,0,0,0,15,16,0,interval
98,N,8,2,6.7,0,0,1,9.8,0,0,0,15,16,0,interval
98,N,8,3,7.9,0,0,1,10.6,0,25,0,15,16,0,interval
98,N,8,4,8.7,0,0,1,10.8,0,71,0,15,16,0,interval
98,N,8,5,9.3,0,0,1,11.2,0,116,0,15,16,0,interval
98,N,8,6,9.6,0,0,1,11.1,0,197,0,15,16,0,interval
98,N,8,7,10,0,0,1,11.2,0,245,0,15,16,0,interval
98,N,8,8,10.3,0,0,1,11.5,0,335,0,15,16,0,interval
98,N,8,9,10.4,0,0,1,11.6,0,367,0,15,16,0,interval
98,N,8,10,10.8,0,0,1,11.8,0,436,0,15,16,0,interval
98,N,8,11,11.1,0,0,1,11.5,0,556,0,15,16,0,interval
98,N,8,12,11.5,0,0,1,11.7,0,643,0,15,16,0,interval
98,N,8,13,11.7,0,0,1,12,0,766,0,15,16,0,interval
98,N,8,14,11.8,0,0,1,12.2,0,840,0,15,16,0,interval
98,N,8,15,12.2,0,1,1,12.3,0,925,0,15,16,0,interval
99,N,8,0,4.1,0,0,1,8.5,0,0,0,15,16,0,interval
99,N,8,1,5.1,0,0,1,9.3,0,0,0,15,16,0,interval
99,N,8,2,6.3,0,0,1,10.5,0,0,0,15,16,0,interval
99,N,8,3,7.2,0,0,1,11.1,0,0,0,15,16,0,interval
99,N,8,4,7.7,0,0,1,11.7,0,0,0,15,16,0,interval
99,N,8,5,8.3,0,0,1,12.1,0,0,0,15,16,0,interval
99,N,8,6,8.6,0,0,1,12,0,0,0,15,16,0,interval
99,N,8,7,8.9,0,0,1,12.4,0,0,0,15,16,0,interval
99,N,8,8,9.4,0,0,1,12.8,0,14,0,15,16,0,interval
99,N,8,9,9.4,0,0,1,13,0,61,0,15,16,0,interval
99,N,8,10,9.5,0,0,1,13.2,0,61,0,15,16,0,interval
99,N,8,11,9.6,0,0,1,13.2,0,80,0,15,16,0,interval
99,N,8,12,10.1,0,0,1,13.5,0,146,0,15,16,0,interval
99,N,8,13,10.4,0,0,1,13.9,0,146,0,15,16,0,interval
99,N,8,14,10.5,0,0,1,14,0,157,0,15,16,0,interval
99,N,8,15,10.8,0,1,1,14.1,0,173,0,15,16,0,interval
100,N,8,0,3.5,0,0,1,8.3,0,0,0,15,16,0,interval
100,N,8,1,5.2,0,0,1,9,0,0,0,15,16,0,interval
100,N,8,2,6.5,0,0,1,10,0,0,0,15,16,0,interval
100,N,8,3,7.6,0,0,1,10.8,0,0,0,15,16,0,interval
100,N,8,4,8.5,0,0,1,11.1,0,0,0,15,16,0,interval
100,N,8,5,9.2,0,0,1,11.4,0,28,0,15,16,0,interval
100,N,8,6,9.4,0,0,1,11.5,0,28,0,15,16,0,interval
100,N,8,7,9.7,0,0,1,11.6,0,30,0,15,16,0,interval
100,N,8,8,10,0,0,1,12,0,30,0,15,16,0,interval
100,N,8,9,10.1,0,0,1,12.2,0,30,0,15,16,0,interval
100,N,8,10,10.4,0,0,1,12.3,0,30,0,15,16,0,interval
100,N,8,11,10.3,0,0,1,12.3,0,59,0,15,16,0,interval
100,N,8,12,10.9,0,0,1,12.8,0,134,0,15,16,0,interval
100,N,8,13,11.1,0,0,1,13.2,0,174,0,15,16,0,interval
100,N,8,14,11.3,0,0,1,13.3,0,209,0,15,16,0,interval
100,N,8,15,11.8,0,0,1,13.4,0,248,0,15,16,0,interval
121,N,13.5,0,3.8,0,0,1,12,0,0,0,15,16,0,interval
121,N,13.5,1,4.7,0,0,1,12.3,0,0,0,15,16,0,interval
121,N,13.5,2,6.2,0,0,1,12.7,0,0,0,15,16,0,interval
121,N,13.5,3,7.2,0,0,1,13.1,0,108,0,15,16,0,interval
121,N,13.5,4,7.8,0,0,1,13.1,0,197,0,15,16,0,interval
121,N,13.5,5,8.3,0,0,1,13.1,0,275,0,15,16,0,interval
121,N,13.5,6,8.8,0,0,1,13.7,0,329,0,15,16,0,interval
121,N,13.5,7,9.2,0,0,1,13.8,0,329,0,15,16,0,interval
121,N,13.5,8,9.6,0,0,1,14,0,329,0,15,16,0,interval
121,N,13.5,9,9.9,0,0,1,13.9,0,342,0,15,16,0,interval
121,N,13.5,10,10.1,0,0,1,14.3,0,439,0,15,16,0,interval
121,N,13.5,11,10.2,0,0,1,13.8,0,495,0,15,16,0,interval
121,N,13.5,12,10.6,0,0,1,14.1,0,583,0,15,16,0,interval
121,N,13.5,13,10.7,0,0,1,14.1,0,645,0,15,16,0,interval
121,N,13.5,14,11,0,0,1,14.4,0,783,0,15,16,0,interval
121,N,13.5,15,11,0,1,1,14.4,0,924,0,15,16,0,interval
122,N,13.5,0,3.6,0,0,1,12.4,0,0,0,15,16,0,interval
122,N,13.5,1,4.2,0,0,1,12.7,0,0,0,15,16,0,interval
122,N,13.5,2,5.6,0,0,1,13.3,0,9,0,15,16,0,interval
122,N,13.5,3,6.3,0,0,1,13.5,0,9,0,15,16,0,interval
122,N,13.5,4,6.8,0,0,1,13.8,0,9,0,15,16,0,interval
122,N,13.5,5,7.6,0,0,1,13.9,0,9,0,15,16,0,interval
122,N,13.5,6,7.8,0,0,1,14,0,95,0,15,16,0,interval
122,N,13.5,7,8.1,0,0,1,14,0,114,0,15,16,0,interval
122,N,13.5,8,8.7,0,0,1,14,0,164,0,15,16,0,interval
122,N,13.5,9,9,0,0,1,14.2,0,168,0,15,16,0,interval
122,N,13.5,10,9.3,0,0,1,14.2,0,244,0,15,16,0,interval
122,N,13.5,11,9.5,0,0,1,14.2,0,299,0,15,16,0,interval
122,N,13.5,12,10.1,0,0,1,14.6,0,391,0,15,16,0,interval
122,N,13.5,13,10.3,0,0,1,14.4,0,436,0,15,16,0,interval
122,N,13.5,14,10.6,0,0,1,14.5,0,485,0,15,16,0,interval
122,N,13.5,15,10,0,1,1,14.7,0,560,0,15,16,0,interval
123,N,13.5,0,3.5,0,0,1,12,0,0,0,15,16,0,interval
123,N,13.5,1,4.1,0,0,1,12.2,0,0,0,15,16,0,interval
123,N,13.5,2,5.8,0,0,1,12.7,0,0,0,15,16,0,interval
123,N,13.5,3,6.8,0,0,1,13,0,13,0,15,16,0,interval
123,N,13.5,4,7.8,0,0,1,13.7,0,13,0,15,16,0,interval
123,N,13.5,5,8.1,0,0,1,13.9,0,26,0,15,16,0,interval
123,N,13.5,6,8.4,0,0,1,14.1,0,26,0,15,16,0,interval
123,N,13.5,7,8.6,0,0,1,14.1,0,26,0,15,16,0,interval
123,N,13.5,8,9.2,0,0,1,14.4,0,26,0,15,16,0,interval
123,N,13.5,9,9.4,0,0,1,14.5,0,82,0,15,16,0,interval
123,N,13.5,10,9.7,0,0,1,14.7,0,130,0,15,16,0,interval
123,N,13.5,11,9.9,0,0,1,14.7,0,211,0,15,16,0,interval
123,N,13.5,12,10.2,0,0,1,15,0,357,0,15,16,0,interval
123,N,13.5,13,10.5,0,0,1,15,0,461,0,15,16,0,interval
123,N,13.5,14,10.5,0,0,1,15.2,0,549,0,15,16,0,interval
123,N,13.5,15,10.7,0,1,1,15.3,0,616,0,15,16,0,interval
124,N,13.5,0,3.7,0,0,1,12.1,0,0,0,15,16,0,interval
124,N,13.5,1,4.2,0,0,1,12.3,0,0,0,15,16,0,interval
124,N,13.5,2,5.5,0,0,1,12.6,0,27,0,15,16,0,interval
124,N,13.5,3,6.3,0,0,1,13,0,27,0,15,16,0,interval
124,N,13.5,4,7.3,0,0,1,13.4,0,27,0,15,16,0,interval
124,N,13.5,5,7.9,0,0,1,13.7,0,27,0,15,16,0,interval
124,N,13.5,6,8.2,0,0,1,13.8,0,27,0,15,16,0,interval
124,N,13.5,7,8.7,0,0,1,14.1,0,27,0,15,16,0,interval
124,N,13.5,8,9.1,0,0,1,14.3,0,27,0,15,16,0,interval
124,N,13.5,9,9.3,0,0,1,14.5,0,27,0,15,16,0,interval
124,N,13.5,10,9.8,0,0,1,14.6,0,27,0,15,16,0,interval
124,N,13.5,11,10.2,0,0,1,14.7,0,27,0,15,16,0,interval
124,N,13.5,12,10.6,0,0,1,15.2,0,27,0,15,16,0,interval
124,N,13.5,13,10.8,0,0,1,15.2,0,27,0,15,16,0,interval
124,N,13.5,14,11.1,0,0,1,15.5,0,27,0,15,16,0,interval
124,N,13.5,15,11.4,0,1,1,15.7,0,27,0,15,16,0,interval
125,N,13.5,0,4.3,0,0,1,12.8,0,0,0,15,16,0,interval
125,N,13.5,1,6.1,0,0,1,12.5,0,0,0,15,16,0,interval
125,N,13.5,2,7.6,0,0,1,12.7,0,94,0,15,16,0,interval
125,N,13.5,3,8.8,0,0,1,13,0,179,0,15,16,0,interval
125,N,13.5,4,9.4,0,0,1,13.1,0,246,0,15,16,0,interval
125,N,13.5,5,9.9,0,0,1,13,0,310,0,15,16,0,interval
125,N,13.5,6,10.2,0,0,1,13,0,350,0,15,16,0,interval
125,N,13.5,7,10.7,0,0,1,13,0,425,0,15,16,0,interval
125,N,13.5,8,11,0,0,1,13.2,0,496,0,15,16,0,interval
125,N,13.5,9,11,0,0,1,13.2,0,530,0,15,16,0,interval
125,N,13.5,10,12,0,0,1,13.2,0,582,0,15,16,0,interval
125,N,13.5,11,12.1,0,0,1,13.1,0,666,0,15,16,0,interval
125,N,13.5,12,12.5,0,0,1,13.2,0,727,0,15,16,0,interval
125,N,13.5,13,12.6,0,0,1,13.2,0,784,0,15,16,0,interval
125,N,13.5,14,12.7,0,0,1,13.2,0,830,0,15,16,0,interval
125,N,13.5,15,12.9,0,1,1,13.2,0,951,0,15,16,0,interval
146,N,18,0,4.4,0,0,1,15.5,0,0,0,15,16,0,interval
146,N,18,1,5.3,0,0,1,15.6,0,0,0,15,16,0,interval
146,N,18,2,6.3,0,0,1,15.8,0,47,0,15,16,0,interval
146,N,18,3,7.2,0,0,1,15.9,0,187,0,15,16,0,interval
146,N,18,4,7.5,0,0,1,15.9,0,229,0,15,16,0,interval
146,N,18,5,7.8,0,0,1,15.8,0,430,0,15,16,0,interval
146,N,18,6,8.1,0,0,1,15.8,0,574,0,15,16,0,interval
146,N,18,7,8.5,0,0,1,16.1,0,681,0,15,16,0,interval
146,N,18,8,9,0,0,1,15.9,0,805,0,15,16,0,interval
146,N,18,9,9.4,0,0,1,15.8,0,924,0,15,16,0,interval
146,N,18,10,10,0,0,1,15.7,0,1052,0,15,16,0,interval
146,N,18,11,9.9,0,0,1,15.5,0,1151,0,15,16,0,interval
146,N,18,12,10.4,0,0,1,15.8,0,1257,0,15,16,0,interval
146,N,18,13,10.6,0,0,1,15.5,0,1371,0,15,16,0,interval
146,N,18,14,10.7,0,0,1,15.7,0,1371,0,15,16,0,interval
146,N,18,15,11,0,1,1,15.8,0,1424,0,15,16,0,interval
147,N,18,0,4.5,0,0,1,17.6,0,0,0,15,16,0,interval
147,N,18,1,5,0,0,1,17.5,0,42,0,15,16,0,interval
147,N,18,2,6.1,0,0,1,17.5,0,197,0,15,16,0,interval
147,N,18,3,6.8,0,0,1,17.6,0,345,0,15,16,0,interval
147,N,18,4,7.3,0,0,1,17.4,0,398,0,15,16,0,interval
147,N,18,5,7.9,0,0,1,17.5,0,473,0,15,16,0,interval
147,N,18,6,8.2,0,0,1,17.5,0,567,0,15,16,0,interval
147,N,18,7,8.2,0,0,1,17.5,0,669,0,15,16,0,interval
147,N,18,8,8.6,0,0,1,17,1,727,0,15,16,0,interval
147,N,18,9,8.9,0,0,1,17,0,795,0,15,16,0,interval
147,N,18,10,9.1,0,0,1,17,0,795,0,15,16,0,interval
147,N,18,11,9.2,0,0,1,17,0,859,0,15,16,0,interval
147,N,18,12,9.7,0,0,1,17.2,0,999,0,15,16,0,interval
147,N,18,13,9.8,0,0,1,17.2,0,1096,0,15,16,0,interval
147,N,18,14,9.9,0,0,1,17.2,0,1096,0,15,16,0,interval
147,N,18,15,9.9,0,1,1,17.4,0,1219,0,15,16,0,interval
148,N,18,0,3.5,0,0,1,15.7,0,0,0,15,16,0,interval
148,N,18,1,4.1,0,0,1,15.8,0,0,0,15,16,0,interval
148,N,18,2,5.5,0,0,1,15.7,0,83,0,15,16,0,interval
148,N,18,3,6.5,0,0,1,16,0,286,0,15,16,0,interval
148,N,18,4,7.3,0,0,1,15.7,0,392,0,15,16,0,interval
148,N,18,5,8.1,0,0,1,15.7,0,462,0,15,16,0,interval
148,N,18,6,8.7,0,0,1,15.7,0,515,0,15,16,0,interval
148,N,18,7,9.3,0,0,1,15.7,0,562,0,15,16,0,interval
148,N,18,8,9.8,0,0,1,15.9,0,620,0,15,16,0,interval
148,N,18,9,9.8,0,0,1,15.8,0,679,0,15,16,0,interval
148,N,18,10,10.4,0,0,1,15.8,0,710,0,15,16,0,interval
148,N,18,11,10.5,0,0,1,15.7,0,789,0,15,16,0,interval
148,N,18,12,10.8,0,0,1,15.8,0,825,0,15,16,0,interval
148,N,18,13,11.1,0,0,1,15.3,1,876,0,15,16,0,interval
148,N,18,14,11.1,0,0,1,15.2,0,936,0,15,16,0,interval
148,N,18,15,11.3,0,1,1,15.2,0,1036,0,15,16,0,interval
149,N,18,0,3.6,0,0,1,16.4,0,0,0,12,13,3,interval
149,N,18,1,4.3,0,0,1,16.5,0,0,0,12,13,3,interval
149,N,18,2,5.2,0,0,1,16.8,0,80,0,12,13,3,interval
149,N,18,3,6.3,0,0,1,16.8,0,273,0,12,13,3,interval
149,N,18,4,6.7,0,0,1,16.9,0,446,0,12,13,3,interval
149,N,18,5,7.5,0,0,1,16.7,0,569,0,12,13,3,interval
149,N,18,6,8,0,0,1,16.9,0,706,0,12,13,3,interval
149,N,18,7,8.3,0,0,1,16.7,0,795,0,12,13,3,interval
149,N,18,8,8.6,0,0,1,17.1,0,884,0,12,13,3,interval
149,N,18,9,8.5,0,0,1,17,0,937,0,12,13,3,interval
149,N,18,10,9,0,0,1,17,0,1017,0,12,13,3,interval
149,N,18,11,9,0,0,1,16.8,0,1113,0,12,13,3,interval
149,N,18,12,9.2,0,1,1,17,0,1180,0,12,13,3,interval
149,N,18,13,9.2,,,0,16.9,0,1207,,12,13,3,interval
149,N,18,14,,,,0,,,,,12,13,3,interval
149,N,18,15,,,,0,,,,,12,13,3,interval
150,N,18,0,3.5,0,0,1,16.3,0,0,0,15,16,0,interval
150,N,18,1,4,0,0,1,16.4,0,0,0,15,16,0,interval
150,N,18,2,5,0,0,1,16.6,0,132,0,15,16,0,interval
150,N,18,3,5.9,0,0,1,16.6,0,235,0,15,16,0,interval
150,N,18,4,6.8,0,0,1,16.4,0,353,0,15,16,0,interval
150,N,18,5,7.4,0,0,1,16.6,0,472,0,15,16,0,interval
150,N,18,6,7.6,0,0,1,16.6,0,601,0,15,16,0,interval
150,N,18,7,8.1,0,0,1,15.5,0,723,0,15,16,0,interval
150,N,18,8,8.7,0,0,1,16.5,0,784,0,15,16,0,interval
150,N,18,9,8.8,0,0,1,16.3,0,855,0,15,16,0,interval
150,N,18,10,9.3,0,0,1,16.5,0,927,0,15,16,0,interval
150,N,18,11,9.7,0,0,1,16.4,0,988,0,15,16,0,interval
150,N,18,12,10,0,0,1,16.5,0,1037,0,15,16,0,interval
150,N,18,13,10.3,0,0,1,16.5,0,1096,0,15,16,0,interval
150,N,18,14,10.6,0,0,1,16.6,0,1150,0,15,16,0,interval
150,N,18,15,10.9,0,1,1,16.6,0,1217,0,15,16,0,interval
